Concurrent task count,Total task size (MB),New task start time (relative),Total latency (excluding new task),New task latency,New task size (MB),New task FLOPs (GFLOPs),CPU frequency (GHz),Average Task Start Time,Average Task Operations (FLOPs)
7,301.8289,1.2143,44.1289,3.4722,6.8019,82.2,1.4678,0.624,126.8229
7,216.8362,1.1433,30.4347,4.2051,26.1889,73.98,1.4732,0.5491,122.1257
7,296.0929,1.0463,47.4682,4.1322,6.8019,82.2,1.5292,0.4512,158.5286
7,253.0988,0.9145,41.1883,4.8426,11.7294,106.86,1.4414,0.4684,158.5286
7,319.0447,1.0586,44.0667,5.1362,11.7294,106.86,1.628,0.4796,131.52
7,219.081,0.8187,37.3187,6.6099,35.3044,312.36,1.4359,0.4299,111.5571
7,162.3628,1.2453,27.3999,4.7858,35.3044,312.36,1.7338,0.6219,186.7114
7,364.4993,1.0678,57.1894,9.1019,60.5415,123.3,1.4146,0.5172,139.74
7,251.0736,0.9228,36.872,4.708,11.7294,106.86,1.3648,0.4197,83.3743
7,323.622,1.1,44.2464,6.5932,57.8413,106.86,1.415,0.4464,112.7314
7,232.2561,0.8315,37.1556,6.2726,57.8413,106.86,1.4557,0.5043,103.3371
7,217.8743,1.0647,38.1796,6.6283,62.6262,131.52,1.6322,0.5082,180.84
7,207.7771,1.1721,30.4467,3.1758,6.8019,82.2,1.5274,0.4786,131.52
7,184.2053,0.849,36.9816,7.4256,61.4555,106.86,1.3594,0.4763,73.98
7,287.3273,0.962,44.5631,4.2962,16.2015,41.1,1.4421,0.5479,104.5114
7,272.4124,0.9615,38.327,4.9055,26.1889,73.98,1.4723,0.5481,96.2914
7,222.5437,1.228,34.6369,3.675,6.8019,82.2,1.503,0.6131,96.2914
7,176.0683,1.0139,36.8628,6.5822,35.3044,312.36,1.5042,0.4269,83.3743
7,420.7733,1.1561,71.1315,10.6895,62.6262,131.52,1.4874,0.5415,116.2543
7,200.1494,1.2585,36.8765,6.8766,57.8413,106.86,1.5146,0.4701,125.6486
7,255.5183,0.9629,43.713,8.2589,62.6262,131.52,1.4632,0.6082,119.7771
7,244.948,1.0023,35.734,4.0105,6.8019,82.2,1.3585,0.447,122.1257
7,280.8115,0.9785,37.5163,6.938,57.8413,106.86,1.4844,0.4787,99.8143
7,288.3654,1.1279,38.3692,6.0068,62.6262,131.52,1.4763,0.6222,163.2257
7,188.3337,0.8769,28.3443,6.0202,57.8413,106.86,1.3844,0.565,89.2457
7,315.0803,1.1889,34.4882,3.1327,6.8019,82.2,1.4511,0.497,109.2086
7,206.1233,0.7707,40.2559,7.4321,60.5415,123.3,1.508,0.3897,124.4743
7,216.9777,1.1014,36.2598,6.6596,35.3044,312.36,1.5016,0.4507,82.2
7,398.6907,0.8661,60.1659,5.3349,16.2015,41.1,1.4486,0.3729,118.6029
7,315.3744,1.1206,52.3706,5.6958,26.1889,73.98,1.5448,0.5476,124.4743
7,288.2228,0.8104,45.5476,4.3442,6.8019,82.2,1.4659,0.5405,163.2257
7,182.0929,1.0418,30.317,5.9797,35.3044,312.36,1.5127,0.4912,82.2
7,178.0611,0.6987,25.4511,3.2817,6.8019,82.2,1.6096,0.4114,84.5486
7,356.6527,1.0265,48.5133,7.8488,62.6262,131.52,1.4346,0.509,143.2629
7,244.7735,1.052,39.8543,7.1641,35.3044,312.36,1.5734,0.5701,97.4657
7,300.7723,1.1626,46.9185,7.8169,57.8413,106.86,1.4905,0.5376,129.1714
7,338.9405,1.1751,55.2674,8.2708,35.3044,312.36,1.5633,0.5443,138.5657
7,291.6208,1.1967,43.063,3.7116,6.8019,82.2,1.5336,0.5847,167.9229
7,261.9332,1.2155,36.9751,3.9437,6.8019,82.2,1.6647,0.4861,95.1171
7,333.3804,0.9571,51.9868,4.5147,6.8019,82.2,1.4913,0.5634,102.1629
7,217.939,0.9897,39.2524,4.6353,11.7294,106.86,1.5054,0.6102,160.8771
7,216.8451,1.1781,35.1106,6.218,35.3044,312.36,1.6202,0.642,137.3914
7,337.1675,1.0597,54.1976,9.3793,62.6262,131.52,1.4044,0.4594,110.3829
7,223.7327,1.2088,35.6448,7.2308,62.6262,131.52,1.494,0.5424,91.5943
7,149.5654,1.1836,30.3213,4.6048,26.1889,73.98,1.5063,0.509,135.0429
7,329.2748,0.9625,50.5751,7.0113,60.5415,123.3,1.5624,0.6109,162.0514
7,237.6522,1.2031,42.5497,6.744,62.6262,131.52,1.4585,0.4652,146.7857
7,257.0478,1.2273,42.8246,7.6274,35.3044,312.36,1.4382,0.5688,118.6029
7,217.5655,1.1159,37.886,5.678,26.1889,73.98,1.4704,0.6697,92.7686
7,253.4897,1.3184,39.2331,7.0947,35.3044,312.36,1.4404,0.6595,125.6486
7,379.1335,1.2399,61.4415,5.3512,11.7294,106.86,1.4251,0.5855,106.86
7,238.0976,0.7771,42.8463,5.6777,26.1889,73.98,1.4705,0.408,104.5114
7,274.7638,1.2198,48.3469,8.1604,60.5415,123.3,1.4372,0.6442,158.5286
7,211.1749,1.2621,36.7226,3.9909,16.2015,41.1,1.4854,0.619,189.06
7,269.5753,1.0021,44.9898,7.3034,57.8413,106.86,1.4083,0.5324,137.3914
7,294.0643,1.2468,48.6442,8.4072,62.6262,131.52,1.4625,0.6268,164.4
7,225.9185,1.1656,42.4961,7.2546,61.4555,106.86,1.5716,0.6418,144.4371
7,259.0904,1.1673,43.5731,8.058,61.4555,106.86,1.563,0.5162,92.7686
7,246.7256,1.1822,45.5853,7.1945,61.4555,106.86,1.3565,0.6721,153.8314
7,271.3472,1.1016,44.0854,7.5652,61.4555,106.86,1.3563,0.5938,125.6486
7,299.0004,1.3667,47.7935,8.3715,61.4555,106.86,1.5825,0.6782,140.9143
7,215.0962,1.0215,36.0293,3.9238,6.8019,82.2,1.333,0.5287,158.5286
7,214.6089,1.1861,39.1736,5.4293,26.1889,73.98,1.3604,0.5068,120.9514
7,183.1221,0.9429,37.5088,7.0983,62.6262,131.52,1.4599,0.5445,125.6486
7,309.9883,1.1707,52.1962,8.7975,60.5415,123.3,1.4959,0.4806,136.2171
7,247.6296,1.0644,43.494,7.9597,61.4555,106.86,1.4445,0.6353,96.2914
7,333.9356,1.3058,47.7395,4.8195,11.7294,106.86,1.475,0.62,104.5114
7,319.3014,1.2604,46.0973,7.6209,35.3044,312.36,1.5667,0.5489,137.3914
7,322.8595,0.9549,56.7962,9.2073,60.5415,123.3,1.4914,0.5477,130.3457
7,280.4627,1.1795,46.8315,4.3398,6.8019,82.2,1.539,0.6205,159.7029
7,342.6962,1.0278,57.1525,8.3405,62.6262,131.52,1.5377,0.5539,98.64
7,218.7969,1.1713,33.4969,4.2099,11.7294,106.86,1.609,0.5059,151.4829
7,242.428,0.9238,43.339,6.5247,60.5415,123.3,1.4429,0.4759,187.8857
7,265.9611,0.9727,45.5554,4.9476,16.2015,41.1,1.4156,0.4255,137.3914
7,266.2682,1.2797,42.0738,8.0823,60.5415,123.3,1.413,0.5857,106.86
7,205.5355,1.1152,39.2162,7.4459,62.6262,131.52,1.4154,0.5163,113.9057
7,209.549,1.1998,34.721,4.5633,11.7294,106.86,1.446,0.6176,119.7771
7,182.9565,0.9942,37.0987,4.7387,16.2015,41.1,1.3719,0.514,116.2543
7,101.3529,1.2106,27.2315,4.4268,26.1889,73.98,1.5396,0.5732,88.0714
7,223.6092,1.1786,35.598,4.2698,16.2015,41.1,1.4326,0.5794,109.2086
7,156.1222,1.1147,33.3853,5.8403,57.8413,106.86,1.4336,0.5539,126.8229
7,210.5954,1.2267,40.2511,5.6941,26.1889,73.98,1.3445,0.6256,115.08
7,259.5879,1.2434,43.4535,7.3259,60.5415,123.3,1.4397,0.6219,132.6943
7,252.1028,1.2262,37.5994,4.5172,11.7294,106.86,1.5621,0.586,126.8229
7,216.7583,1.2306,37.8236,6.6293,35.3044,312.36,1.3946,0.5971,102.1629
7,267.9492,1.2782,41.7368,4.5722,16.2015,41.1,1.5713,0.4329,120.9514
7,209.4064,0.9619,37.7088,6.3422,57.8413,106.86,1.5558,0.5091,119.7771
7,272.3259,1.1943,40.5674,7.498,57.8413,106.86,1.4922,0.6543,103.3371
7,161.9074,1.3535,33.5492,5.7032,62.6262,131.52,1.5077,0.6666,173.7943
7,336.6123,1.1486,49.0007,5.0066,11.7294,106.86,1.4861,0.5351,108.0343
7,206.8577,1.1605,36.0674,6.5903,62.6262,131.52,1.4694,0.4656,132.6943
7,231.1531,1.2259,37.2717,4.3989,16.2015,41.1,1.4453,0.3735,117.4286
7,203.5563,1.1791,37.3874,6.6646,62.6262,131.52,1.3781,0.5081,145.6114
7,167.7575,0.9896,34.5507,4.5226,26.1889,73.98,1.3104,0.4393,147.96
7,221.4785,1.1423,42.423,7.3106,57.8413,106.86,1.4598,0.5585,125.6486
7,214.3339,1.1325,32.0908,4.4099,26.1889,73.98,1.4426,0.5111,123.3
7,430.3431,1.219,56.7512,4.7851,11.7294,106.86,1.5145,0.5226,123.3
7,365.67,1.193,58.8407,9.4947,61.4555,106.86,1.425,0.6083,143.2629
7,371.5201,1.2171,53.327,4.3034,6.8019,82.2,1.5046,0.5688,117.4286
7,304.4831,1.0833,51.2983,8.1437,57.8413,106.86,1.3304,0.4045,146.7857
7,204.6776,1.2255,29.8828,6.0044,61.4555,106.86,1.4792,0.5075,123.3
7,285.4262,1.3666,40.7384,7.5286,62.6262,131.52,1.5211,0.6029,90.42
7,193.7341,1.0283,35.0264,3.9459,6.8019,82.2,1.5117,0.5696,93.9429
7,298.2147,1.313,44.1934,7.8311,60.5415,123.3,1.5378,0.7266,126.8229
7,226.4246,1.0671,32.5303,3.9334,26.1889,73.98,1.4207,0.4389,157.3543
7,339.2522,0.9544,51.0528,5.0624,16.2015,41.1,1.4402,0.4679,111.5571
7,322.1025,0.9376,51.2471,4.3481,6.8019,82.2,1.756,0.4058,169.0971
7,305.5251,1.0835,56.2059,8.9111,60.5415,123.3,1.4675,0.6038,160.8771
7,351.7252,1.0569,55.7463,5.1261,16.2015,41.1,1.4398,0.6237,139.74
7,264.3911,1.1558,43.3431,4.5182,6.8019,82.2,1.4026,0.5996,127.9971
7,268.0644,1.0391,48.6614,8.4087,62.6262,131.52,1.4458,0.5411,166.7486
7,355.9954,1.0253,53.34,3.9957,6.8019,82.2,1.4534,0.5516,151.4829
7,369.8765,1.161,60.6873,4.2619,6.8019,82.2,1.7142,0.4788,112.7314
7,280.278,0.9797,45.9769,7.1172,57.8413,106.86,1.5878,0.545,132.6943
7,349.2673,1.1891,59.359,9.8904,61.4555,106.86,1.47,0.5166,106.86
7,293.6417,1.2562,42.8486,7.8596,62.6262,131.52,1.4789,0.5518,106.86
7,211.9734,1.1757,36.627,7.2928,62.6262,131.52,1.4785,0.5499,98.64
7,281.6334,0.8652,50.3055,6.4787,60.5415,123.3,1.4052,0.51,163.2257
7,165.6255,1.1832,34.9675,6.7691,60.5415,123.3,1.5336,0.5592,65.76
7,300.057,1.2403,49.0774,8.1674,57.8413,106.86,1.3787,0.6033,138.5657
7,359.7144,1.0287,57.6575,9.2839,62.6262,131.52,1.5635,0.4857,136.2171
7,235.5484,1.0548,31.7127,4.342,26.1889,73.98,1.4259,0.4559,127.9971
7,265.8185,1.1118,42.8659,7.404,57.8413,106.86,1.4782,0.551,137.3914
7,248.346,1.0091,37.4184,4.6517,11.7294,106.86,1.4552,0.4989,126.8229
7,195.8188,1.0704,33.9482,5.9126,57.8413,106.86,1.5143,0.4682,95.1171
7,215.6644,0.9619,32.3562,4.8509,26.1889,73.98,1.4771,0.4788,78.6771
7,253.69,1.193,40.6495,7.3369,35.3044,312.36,1.6696,0.5348,88.0714
7,239.4467,1.0548,32.7712,6.3124,35.3044,312.36,1.5396,0.4158,88.0714
7,278.378,1.0199,45.7506,7.5956,35.3044,312.36,1.4764,0.523,158.5286
7,269.8363,1.0546,39.9265,3.4051,6.8019,82.2,1.42,0.3627,155.0057
7,214.4663,1.1809,37.001,7.1866,61.4555,106.86,1.4995,0.5976,120.9514
7,173.5569,1.1828,31.3843,6.1678,61.4555,106.86,1.5053,0.5307,122.1257
7,292.5708,0.9844,34.8774,6.55,35.3044,312.36,1.4418,0.5462,92.7686
7,191.8053,1.1024,29.2468,3.868,16.2015,41.1,1.5331,0.4815,89.2457
7,242.8447,1.0711,35.2216,4.2271,11.7294,106.86,1.4282,0.4908,92.7686
7,346.0263,0.9908,49.4113,4.1878,6.8019,82.2,1.597,0.584,138.5657
7,270.1204,1.1735,33.9369,4.0699,26.1889,73.98,1.3632,0.5097,115.08
7,214.4937,1.0284,31.2144,4.7136,26.1889,73.98,1.5479,0.5222,75.1543
7,288.498,1.0327,36.5715,7.0248,60.5415,123.3,1.5288,0.4575,108.0343
7,231.4659,1.1635,34.3098,6.2302,60.5415,123.3,1.4674,0.5075,130.3457
7,239.6948,0.8801,37.6277,6.6814,57.8413,106.86,1.5169,0.4993,120.9514
7,288.6725,1.3101,44.4239,7.7436,35.3044,312.36,1.5243,0.5621,132.6943
7,358.1261,1.0099,54.0325,9.3677,60.5415,123.3,1.4807,0.522,135.0429
7,184.2021,1.2267,30.7925,5.873,35.3044,312.36,1.5084,0.5702,102.1629
7,310.7597,1.1429,41.0634,7.0116,61.4555,106.86,1.4593,0.563,133.8686
7,281.6334,1.0603,38.093,5.3001,61.4555,106.86,1.4021,0.4794,163.2257
7,216.1198,1.1243,36.2808,6.2509,61.4555,106.86,1.578,0.5324,91.5943
7,170.2689,0.9295,30.2403,5.7596,35.3044,312.36,1.5002,0.5114,109.2086
7,323.4518,0.9902,47.7091,5.8803,26.1889,73.98,1.5516,0.5572,99.8143
7,335.3813,1.0226,48.1099,3.7027,6.8019,82.2,1.5511,0.5631,105.6857
7,228.7934,1.1282,35.1826,5.1991,26.1889,73.98,1.5543,0.4979,118.6029
7,277.3399,1.0142,40.7232,5.4378,26.1889,73.98,1.5487,0.4027,99.8143
7,400.6799,1.0624,57.6109,8.6415,62.6262,131.52,1.5679,0.5149,142.0886
7,254.9445,0.8902,31.4324,5.7321,35.3044,312.36,1.5512,0.5544,89.2457
7,296.5843,0.8429,41.7296,7.8332,57.8413,106.86,1.4645,0.4569,98.64
7,397.52,1.3047,49.544,4.3833,11.7294,106.86,1.4009,0.7474,115.08
7,263.8764,1.1013,37.5201,4.2182,16.2015,41.1,1.4036,0.5349,136.2171
7,200.6048,1.0448,28.0753,5.3239,35.3044,312.36,1.5631,0.5835,138.5657
7,375.4328,1.2942,42.8849,3.9645,16.2015,41.1,1.4396,0.565,113.9057
7,307.6098,0.9953,48.9621,5.4448,11.7294,106.86,1.5047,0.5787,162.0514
7,297.755,1.1494,40.4292,6.3198,61.4555,106.86,1.4488,0.5128,102.1629
7,308.3262,1.1743,42.3077,4.1233,16.2015,41.1,1.4065,0.5638,192.5829
7,318.3874,1.1085,42.0972,7.1884,60.5415,123.3,1.4042,0.58,139.74
7,280.9541,1.2874,39.7874,4.2644,16.2015,41.1,1.466,0.5226,99.8143
7,155.9509,1.1488,28.4367,4.2532,11.7294,106.86,1.3925,0.5482,73.98
7,215.807,0.9965,40.7142,7.2553,62.6262,131.52,1.4767,0.5028,78.6771
7,284.4845,1.0115,45.3758,7.9862,35.3044,312.36,1.5042,0.5466,102.1629
7,286.5969,0.8491,47.6223,4.1789,6.8019,82.2,1.3753,0.4929,93.9429
7,309.2579,1.2362,49.3859,8.6906,61.4555,106.86,1.4395,0.5665,125.6486
7,222.0653,1.2299,37.0437,4.6612,11.7294,106.86,1.4995,0.6096,73.98
7,196.7328,1.1718,35.5633,6.5858,35.3044,312.36,1.4038,0.5633,92.7686
7,278.3863,0.9201,41.6531,7.3429,35.3044,312.36,1.4487,0.4426,95.1171
7,182.54,1.2205,35.4359,6.1206,57.8413,106.86,1.5415,0.5851,158.5286
7,220.8669,1.0325,43.2135,5.9136,26.1889,73.98,1.3273,0.5,79.8514
7,206.9869,1.2247,39.9467,6.8593,62.6262,131.52,1.4391,0.5212,158.5286
7,197.4492,1.2814,34.9676,4.7622,26.1889,73.98,1.4384,0.6825,123.3
7,267.4849,0.8931,44.0577,8.2188,62.6262,131.52,1.3667,0.4184,92.7686
7,194.6481,1.2726,35.4523,6.7661,62.6262,131.52,1.4514,0.5365,91.5943
7,239.2305,1.2063,34.5122,4.1437,16.2015,41.1,1.4385,0.5548,92.7686
7,208.6162,0.9787,42.2555,7.0883,57.8413,106.86,1.4858,0.5917,146.7857
7,320.1593,0.9847,45.0404,6.9846,57.8413,106.86,1.3911,0.5398,127.9971
7,382.1465,1.097,58.126,5.4892,11.7294,106.86,1.4279,0.4257,122.1257
7,161.6088,1.0608,33.8315,6.5918,62.6262,131.52,1.4728,0.586,88.0714
7,251.6053,1.2298,41.8302,7.7355,60.5415,123.3,1.4991,0.5181,86.8971
7,330.5964,0.9386,49.0657,4.1586,6.8019,82.2,1.3511,0.5194,102.1629
7,284.4845,1.2116,44.5447,4.9955,11.7294,106.86,1.4041,0.4714,102.1629
7,252.2443,1.1267,41.2443,4.7211,16.2015,41.1,1.3679,0.5426,86.8971
7,157.7194,0.9876,38.3411,6.6431,62.6262,131.52,1.3936,0.6082,143.2629
7,328.8522,1.1007,52.3127,5.2965,16.2015,41.1,1.3702,0.613,104.5114
7,377.0488,1.0044,59.2671,6.1089,26.1889,73.98,1.494,0.4629,105.6857
7,229.1245,1.1107,39.2839,7.1188,35.3044,312.36,1.4586,0.46,123.3
7,177.033,1.2526,34.2677,6.8988,62.6262,131.52,1.3802,0.5373,81.0257
7,163.5695,0.8125,34.6093,4.7894,11.7294,106.86,1.5124,0.4205,117.4286
7,258.0206,1.1315,39.8536,4.9456,26.1889,73.98,1.2656,0.5515,118.6029
7,317.6664,1.3677,48.5734,8.6026,57.8413,106.86,1.3854,0.5476,105.6857
7,247.4881,0.9795,37.2332,3.3507,6.8019,82.2,1.3588,0.44,136.2171
7,201.9353,1.1012,36.1592,6.9189,61.4555,106.86,1.4375,0.6024,93.9429
7,288.3654,1.1064,46.9418,4.8915,11.7294,106.86,1.3553,0.4763,163.2257
7,187.8783,1.2819,33.3359,6.4724,35.3044,312.36,1.5594,0.5752,76.3286
7,239.7034,0.8672,39.6663,4.4809,6.8019,82.2,1.535,0.5394,93.9429
7,206.4074,0.9997,38.2304,7.3948,62.6262,131.52,1.4775,0.4613,84.5486
7,355.3838,1.2074,52.1475,4.0976,6.8019,82.2,1.4472,0.644,105.6857
7,270.1491,1.0533,45.5916,5.4044,26.1889,73.98,1.4248,0.4418,167.9229
7,237.9089,1.2097,41.8993,6.3109,57.8413,106.86,1.4659,0.4861,152.6571
7,233.4451,1.0939,35.3026,6.6978,35.3044,312.36,1.4431,0.4283,98.64
7,266.1447,1.3907,41.9044,6.9674,60.5415,123.3,1.551,0.6453,124.4743
7,403.6368,1.1369,71.8123,10.8175,62.6262,131.52,1.5028,0.4622,150.3086
7,244.3742,1.422,36.5508,6.9875,57.8413,106.86,1.4697,0.6332,91.5943
7,231.3604,1.1446,33.658,6.8945,62.6262,131.52,1.5993,0.5213,97.4657
7,316.8579,1.1594,46.8578,7.7318,35.3044,312.36,1.5544,0.5657,140.9143
7,324.6701,1.2368,55.1394,8.0407,62.6262,131.52,1.5491,0.6003,226.6371
7,251.9181,1.2357,45.4487,7.9388,57.8413,106.86,1.5141,0.5824,99.8143
7,378.9549,1.1971,54.712,4.7857,11.7294,106.86,1.5334,0.544,179.6657
7,254.6604,0.9184,37.3318,3.7471,6.8019,82.2,1.3993,0.4429,129.1714
7,342.8764,1.1769,53.5953,8.3659,57.8413,106.86,1.3493,0.5988,166.7486
7,206.9903,1.1276,29.4066,3.5969,6.8019,82.2,1.468,0.6085,77.5029
7,279.4335,1.1179,40.0752,7.1228,35.3044,312.36,1.4714,0.6134,116.2543
7,267.733,1.2183,36.5431,6.749,35.3044,312.36,1.4918,0.4935,125.6486
7,350.0398,1.2025,61.442,8.1713,62.6262,131.52,1.4631,0.5916,144.4371
7,320.1593,1.1826,51.731,8.4234,60.5415,123.3,1.3802,0.6083,127.9971
7,191.4925,0.9502,34.2279,4.177,6.8019,82.2,1.4049,0.4135,76.3286
7,221.8961,1.1567,37.6428,6.7696,61.4555,106.86,1.4842,0.4569,123.3
7,308.8226,1.2625,46.9365,4.4797,6.8019,82.2,1.3307,0.5265,192.5829
7,197.6294,1.0339,34.8719,5.8348,35.3044,312.36,1.5004,0.4449,191.4086
7,261.0336,1.2448,41.9458,7.8416,60.5415,123.3,1.5051,0.6778,133.8686
7,229.6653,0.9882,39.6955,5.024,11.7294,106.86,1.5501,0.5556,89.2457
7,302.9575,0.9342,53.5457,8.0362,57.8413,106.86,1.5154,0.4704,103.3371
7,258.8337,1.4165,41.7972,7.2234,35.3044,312.36,1.4829,0.5825,86.8971
7,256.4463,1.1968,41.4327,7.7118,60.5415,123.3,1.4122,0.5047,97.4657
7,299.8583,1.1731,52.2644,7.4414,61.4555,106.86,1.452,0.633,131.52
7,170.2689,1.2165,34.2014,6.5002,60.5415,123.3,1.4671,0.5492,109.2086
7,309.314,1.0518,48.0199,3.2524,6.8019,82.2,1.4313,0.504,132.6943
7,248.1713,1.1852,42.1278,7.2277,35.3044,312.36,1.4909,0.515,155.0057
7,277.8619,1.2139,47.9352,8.2967,57.8413,106.86,1.473,0.474,90.42
7,344.2257,1.2308,54.0939,5.3884,11.7294,106.86,1.4842,0.6466,97.4657
7,354.3333,1.2559,63.8092,9.4222,61.4555,106.86,1.2676,0.5087,207.8486
7,308.4,0.9113,48.7766,8.1794,35.3044,312.36,1.4195,0.5707,135.0429
7,235.5575,1.2033,41.3145,5.5477,26.1889,73.98,1.4208,0.4679,90.42
7,238.6393,1.0695,46.2879,7.8936,62.6262,131.52,1.4106,0.6094,163.2257
7,251.9181,1.1626,44.0731,7.3265,57.8413,106.86,1.4876,0.4823,99.8143
7,290.0275,0.9759,33.7302,5.7569,57.8413,106.86,1.5948,0.5388,106.86
7,213.7453,1.0601,22.4711,5.0823,35.3044,312.36,1.4332,0.5324,86.8971
7,278.2539,1.185,29.8503,2.95,6.8019,82.2,1.4826,0.6383,97.4657
7,324.4799,0.9426,36.3721,2.6648,6.8019,82.2,1.6406,0.4356,103.3371
7,182.9986,0.8223,28.3674,5.053,57.8413,106.86,1.6279,0.319,143.2629
7,296.8971,0.961,35.2009,6.5036,62.6262,131.52,1.4605,0.5048,111.5571
7,258.4849,1.0518,35.9744,6.4079,35.3044,312.36,1.5073,0.6313,146.7857
7,287.9661,1.0805,35.9479,6.4056,57.8413,106.86,1.5615,0.5156,157.3543
7,290.7428,0.7015,39.0377,6.5676,57.8413,106.86,1.4745,0.3926,97.4657
7,320.7892,0.8524,44.6487,7.1433,60.5415,123.3,1.3742,0.37,165.5743
7,270.0065,0.9875,37.8994,4.3405,26.1889,73.98,1.4232,0.5574,167.9229
7,123.5692,0.9593,23.2385,4.0138,26.1889,73.98,1.5438,0.4198,98.64
7,252.0607,0.8434,33.8584,2.9843,6.8019,82.2,1.5686,0.4142,99.8143
7,238.0598,0.9786,25.8071,3.2762,11.7294,106.86,1.5208,0.4883,89.2457
7,241.6466,0.9681,31.6534,3.9472,26.1889,73.98,1.4433,0.402,135.0429
7,316.261,0.9058,41.9458,7.1767,60.5415,123.3,1.4141,0.481,167.9229
7,234.303,1.0704,28.4624,5.6275,61.4555,106.86,1.4845,0.4059,89.2457
7,292.6573,1.1003,38.3335,5.0977,26.1889,73.98,1.3795,0.483,85.7229
7,218.6728,1.112,28.4003,5.6885,35.3044,312.36,1.5817,0.5792,90.42
7,277.5778,1.1142,41.7734,5.2074,26.1889,73.98,1.4662,0.3619,130.3457
7,318.3457,1.0619,48.2168,4.5949,26.1889,73.98,1.4508,0.4791,169.0971
7,249.2179,1.0905,33.7389,6.2354,61.4555,106.86,1.4779,0.4961,97.4657
7,282.2572,0.9506,37.8798,6.7441,61.4555,106.86,1.5113,0.403,100.9886
7,354.5119,1.0777,46.6496,6.9584,35.3044,312.36,1.5095,0.5083,135.0429
7,324.9442,0.9076,44.5952,3.9044,6.8019,82.2,1.5869,0.3802,131.52
7,320.3666,1.1388,39.009,3.5159,6.8019,82.2,1.5077,0.5001,108.0343
7,324.546,0.9169,47.2145,7.758,60.5415,123.3,1.4526,0.3755,165.5743
7,311.9304,0.901,41.6983,7.1437,35.3044,312.36,1.4479,0.4397,137.3914
7,256.7451,0.9521,37.0573,6.537,35.3044,312.36,1.4576,0.4459,130.3457
7,280.4206,1.1908,36.2029,3.6238,11.7294,106.86,1.5048,0.5153,132.6943
7,172.9691,0.8488,24.7145,5.2657,61.4555,106.86,1.5017,0.3444,111.5571
7,235.7001,1.0343,29.2198,3.1427,6.8019,82.2,1.5025,0.4584,90.42
7,308.1433,1.0837,35.48,3.7137,11.7294,106.86,1.3648,0.451,129.1714
7,146.2385,0.8503,24.0057,5.4623,62.6262,131.52,1.3146,0.4681,66.9343
7,183.5764,0.898,27.537,5.6635,60.5415,123.3,1.5703,0.4668,98.64
7,177.9438,0.8922,25.7309,5.5567,62.6262,131.52,1.4494,0.3363,106.86
7,218.2231,0.9002,32.8716,6.2466,35.3044,312.36,1.5317,0.4312,120.9514
7,283.1208,0.8994,39.4423,6.6503,61.4555,106.86,1.3792,0.4773,135.0429
7,266.8837,0.7954,45.1307,8.764,62.6262,131.52,1.5894,0.4445,108.0343
7,213.0115,0.9003,30.6704,4.9662,57.8413,106.86,1.4757,0.4117,157.3543
7,322.5754,0.9395,45.8495,7.0265,61.4555,106.86,1.3902,0.2764,170.2714
7,221.1797,1.1627,24.3497,4.6665,35.3044,312.36,1.5739,0.4614,92.7686
7,310.9023,0.7327,39.4155,7.2144,60.5415,123.3,1.548,0.3564,133.8686
7,216.6936,0.7015,36.0565,6.8084,62.6262,131.52,1.4603,0.4304,122.1257
7,268.2059,1.1371,38.9468,7.2593,62.6262,131.52,1.4417,0.6111,126.8229
7,180.8532,0.7912,28.2699,3.724,26.1889,73.98,1.5404,0.4159,86.8971
7,375.6995,1.212,46.9838,7.3948,35.3044,312.36,1.4354,0.5896,174.9686
7,195.6773,0.9824,33.1281,6.1375,60.5415,123.3,1.4546,0.4438,135.0429
7,301.9991,0.9001,48.0064,8.33,60.5415,123.3,1.474,0.4872,139.74
7,299.8397,0.9542,37.2377,3.7631,6.8019,82.2,1.3744,0.5682,103.3371
7,243.8828,0.903,37.9623,3.9135,16.2015,41.1,1.4497,0.4537,151.4829
7,357.2121,0.955,48.9796,3.9186,6.8019,82.2,1.4263,0.5938,137.3914
7,350.641,1.1849,51.3089,4.0693,6.8019,82.2,1.4974,0.5892,129.1714
7,250.9036,1.0083,41.5426,6.8566,61.4555,106.86,1.4946,0.4922,129.1714
7,206.7202,1.1087,32.6181,4.1445,16.2015,41.1,1.3937,0.5085,97.4657
7,253.4059,1.1921,36.5895,3.8217,16.2015,41.1,1.4325,0.4632,127.9971
7,294.0082,1.0532,49.035,8.147,57.8413,106.86,1.3836,0.454,157.3543
7,246.1187,1.2245,34.4405,3.9099,6.8019,82.2,1.4151,0.5725,125.6486
7,329.5876,0.9846,42.7242,3.3059,11.7294,106.86,1.4931,0.5366,174.9686
7,279.2499,1.2692,40.5811,4.1532,11.7294,106.86,1.4315,0.6182,129.1714
7,307.6098,1.1528,45.5721,4.4369,16.2015,41.1,1.4875,0.5874,162.0514
7,378.8768,1.0013,53.4523,7.6939,35.3044,312.36,1.4768,0.339,100.9886
7,335.7218,1.1631,48.406,8.832,62.6262,131.52,1.4854,0.5191,109.2086
7,188.9304,0.8736,37.3033,4.875,16.2015,41.1,1.4736,0.5278,115.08
7,283.5705,1.1354,44.6254,8.0539,57.8413,106.86,1.4436,0.4638,104.5114
7,196.0938,0.9733,31.7281,6.2462,35.3044,312.36,1.5152,0.4935,92.7686
7,247.7722,0.9704,38.7451,5.1144,26.1889,73.98,1.5209,0.4317,96.2914
7,303.4365,1.0285,46.3439,7.512,35.3044,312.36,1.5288,0.6591,204.3257
7,262.0988,1.0532,35.4412,7.1142,62.6262,131.52,1.5378,0.4788,104.5114
7,256.2865,1.1229,32.9521,3.3492,6.8019,82.2,1.6054,0.4606,145.6114
7,211.0508,0.8458,35.6615,6.6693,57.8413,106.86,1.5396,0.5286,127.9971
7,299.2845,1.1678,38.2694,4.2187,16.2015,41.1,1.4785,0.5426,100.9886
7,271.5545,1.1791,37.5666,3.8557,16.2015,41.1,1.4938,0.452,105.6857
7,300.1247,1.0573,53.2264,8.5418,62.6262,131.52,1.6329,0.5457,156.18
7,271.2046,1.2065,42.6637,7.2486,35.3044,312.36,1.4576,0.5063,125.6486
7,372.4341,1.153,56.3073,8.9108,62.6262,131.52,1.421,0.454,115.08
7,302.857,1.3592,41.4445,4.3818,16.2015,41.1,1.3667,0.5453,130.3457
7,233.5877,1.1871,40.2137,4.5476,16.2015,41.1,1.3051,0.5885,98.64
7,274.2547,1.2164,44.2516,5.3803,26.1889,73.98,1.4083,0.5825,108.0343
7,332.4204,1.1228,46.2528,6.7305,57.8413,106.86,1.4823,0.4711,122.1257
7,261.3598,0.9594,43.1551,6.9377,60.5415,123.3,1.4194,0.4251,120.9514
7,298.3849,1.1365,42.7205,7.4063,62.6262,131.52,1.4236,0.6011,139.74
7,287.4514,1.0342,38.7444,6.6329,35.3044,312.36,1.5161,0.5761,165.5743
7,276.4259,1.0186,37.8604,3.5826,11.7294,106.86,1.5514,0.4466,102.1629
7,269.643,1.0423,42.7232,7.3715,57.8413,106.86,1.6302,0.4756,155.0057
7,294.0082,1.3499,41.9472,4.9783,26.1889,73.98,1.5198,0.6445,157.3543
7,374.1062,1.0503,58.7976,9.5353,62.6262,131.52,1.5635,0.478,113.9057
7,204.9343,1.2867,33.9207,6.2915,35.3044,312.36,1.6345,0.581,129.1714
7,275.568,1.1892,38.8745,3.7756,6.8019,82.2,1.3749,0.4678,111.5571
7,349.7831,1.0674,50.7181,3.9813,6.8019,82.2,1.5036,0.4145,138.5657
7,280.1639,0.8585,44.486,7.2859,60.5415,123.3,1.5757,0.4129,126.8229
7,301.3875,0.9621,38.0555,7.613,62.6262,131.52,1.4375,0.4912,93.9429
7,291.7129,0.8742,33.9501,3.8148,11.7294,106.86,1.4105,0.3642,102.1629
7,320.7792,0.9379,38.1236,2.8192,6.8019,82.2,1.5157,0.5706,110.3829
7,284.8927,1.0017,35.6224,6.8346,57.8413,106.86,1.6608,0.4946,123.3
7,282.3727,1.1114,39.197,6.0609,57.8413,106.86,1.3942,0.5492,189.06
7,277.1235,0.8699,37.7732,4.4621,26.1889,73.98,1.3584,0.4117,157.3543
7,214.6089,0.9586,35.4429,7.2269,62.6262,131.52,1.5406,0.4875,120.9514
7,218.7969,1.0323,29.6501,3.224,16.2015,41.1,1.6542,0.5011,151.4829
7,348.2536,1.2011,48.677,3.8596,6.8019,82.2,1.5116,0.4678,139.74
7,222.7424,0.8343,35.7717,4.8887,11.7294,106.86,1.597,0.4545,103.3371
7,188.0585,0.7839,34.1105,4.106,16.2015,41.1,1.5032,0.4589,144.4371
7,303.573,1.0187,41.707,4.4416,16.2015,41.1,1.5104,0.4896,104.5114
7,249.6908,0.8742,39.3924,7.487,57.8413,106.86,1.479,0.408,98.64
7,377.9628,1.024,52.7795,7.8998,60.5415,123.3,1.5435,0.5182,103.3371
7,280.7277,0.839,36.4494,6.8894,61.4555,106.86,1.5533,0.4072,102.1629
7,282.5239,0.8694,43.4219,7.8894,62.6262,131.52,1.5933,0.549,162.0514
7,335.3813,1.092,44.4042,8.1305,62.6262,131.52,1.465,0.6774,105.6857
7,315.6872,1.1502,43.5593,3.9852,11.7294,106.86,1.4527,0.5839,137.3914
7,269.8363,0.7313,40.9515,7.3712,57.8413,106.86,1.5662,0.2951,155.0057
7,254.6604,0.9233,41.5167,7.7591,61.4555,106.86,1.4373,0.4828,129.1714
7,306.2589,0.9235,38.9081,5.3675,26.1889,73.98,1.4422,0.4792,90.42
7,290.2699,0.8258,37.7748,3.6564,6.8019,82.2,1.4985,0.3184,96.2914
7,242.8447,1.0297,30.2311,7.0973,62.6262,131.52,1.3837,0.4881,92.7686
7,380.7191,0.9435,42.1668,3.5529,6.8019,82.2,1.4849,0.441,112.7314
7,355.0671,0.8944,44.9036,6.8436,57.8413,106.86,1.5619,0.4005,137.3914
7,302.2658,1.0881,35.8328,2.9895,16.2015,41.1,1.4469,0.5777,200.8029
7,260.7769,0.9625,34.8033,6.5178,61.4555,106.86,1.5327,0.3379,127.9971
7,324.2866,1.0579,47.7452,7.1351,61.4555,106.86,1.4739,0.4437,103.3371
7,234.9099,1.1188,28.9063,5.7352,61.4555,106.86,1.4867,0.6481,117.4286
7,187.5999,0.9607,29.9196,5.5938,35.3044,312.36,1.5475,0.417,159.7029
7,341.9624,1.0032,41.1307,3.9544,11.7294,106.86,1.5392,0.3923,169.0971
7,278.6908,0.5817,37.2114,3.529,11.7294,106.86,1.514,0.3271,171.4457
7,349.5658,0.776,47.8959,4.0503,6.8019,82.2,1.5727,0.4632,103.3371
7,252.8321,0.9391,31.8761,3.7924,11.7294,106.86,1.5382,0.3925,97.4657
7,424.3875,0.7933,53.7007,3.9836,6.8019,82.2,1.4968,0.3673,116.2543
7,236.6961,0.8934,30.3775,3.714,16.2015,41.1,1.4473,0.4434,122.1257
7,229.8586,0.981,28.6148,3.6567,16.2015,41.1,1.4469,0.496,89.2457
7,376.305,1.054,49.6901,6.906,61.4555,106.86,1.524,0.548,120.9514
7,297.4422,0.9151,33.2109,3.522,11.7294,106.86,1.4514,0.4913,89.2457
7,382.7477,0.9295,61.0174,9.9669,61.4555,106.86,1.3896,0.3952,106.86
7,217.3091,1.3547,21.1073,2.3708,6.8019,82.2,1.8374,0.6779,123.3
7,282.2489,0.7909,40.141,4.7769,26.1889,73.98,1.5571,0.4175,164.4
7,226.3005,0.9615,35.5975,6.6879,60.5415,123.3,1.4864,0.3775,96.2914
7,208.7588,0.8003,35.9455,4.4155,11.7294,106.86,1.4669,0.3674,146.7857
7,250.017,0.9617,37.2561,6.7371,35.3044,312.36,1.4862,0.4521,85.7229
7,276.4071,1.0508,40.5734,7.2132,57.8413,106.86,1.4936,0.4357,126.8229
7,135.067,0.8551,26.3405,4.075,26.1889,73.98,1.4911,0.4179,84.5486
7,196.42,1.0469,31.7816,6.072,57.8413,106.86,1.5583,0.4672,79.8514
7,194.1927,0.7753,35.0292,6.9449,60.5415,123.3,1.6493,0.3293,78.6771
7,202.0594,1.2147,34.1272,6.0531,57.8413,106.86,1.4782,0.6299,155.0057
7,400.3211,1.2308,63.8966,9.9397,60.5415,123.3,1.4708,0.6513,146.7857
7,329.0081,1.2755,52.3211,9.1794,61.4555,106.86,1.4302,0.5249,100.9886
7,241.4493,1.1151,48.2043,7.7432,62.6262,131.52,1.3854,0.4171,210.1971
7,290.4501,1.2137,51.3756,7.8874,60.5415,123.3,1.4546,0.4897,164.4
7,326.3222,1.3247,47.7481,3.7128,6.8019,82.2,1.361,0.5825,115.08
7,183.8616,1.0007,34.6813,4.7444,26.1889,73.98,1.6195,0.4931,98.64
7,235.7562,1.0607,37.7136,4.5272,26.1889,73.98,1.3848,0.5855,97.4657
7,286.6933,1.1938,48.5041,7.3106,57.8413,106.86,1.3788,0.6645,164.4
7,273.8959,0.991,45.9422,8.3836,62.6262,131.52,1.4265,0.417,112.7314
7,209.6051,1.3465,33.3235,4.3377,11.7294,106.86,1.4302,0.673,126.8229
7,202.2341,1.2459,35.04,6.254,35.3044,312.36,1.4549,0.453,126.8229
7,180.321,1.1591,29.9838,5.6298,35.3044,312.36,1.5406,0.5614,93.9429
7,286.5878,0.9608,41.2599,4.2051,16.2015,41.1,1.341,0.4612,131.52
7,325.4039,1.2666,47.3716,7.9772,60.5415,123.3,1.4312,0.6515,156.18
7,305.0608,1.1631,45.684,7.8601,60.5415,123.3,1.5481,0.5352,132.6943
7,323.3235,1.0391,47.7838,4.1492,6.8019,82.2,1.4232,0.3765,116.2543
7,192.8058,1.0671,31.0445,5.9028,35.3044,312.36,1.4273,0.4448,79.8514
7,207.4455,1.1502,31.9028,5.735,62.6262,131.52,1.5739,0.5859,143.2629
7,205.8483,0.9607,31.4884,3.8779,11.7294,106.86,1.5977,0.4929,126.8229
7,282.8962,1.1242,37.681,7.3909,62.6262,131.52,1.4891,0.5809,100.9886
7,175.2611,1.1969,24.4874,3.3996,11.7294,106.86,1.3981,0.5988,92.7686
7,283.0388,1.2646,41.5244,4.5165,11.7294,106.86,1.446,0.5128,100.9886
7,220.8816,1.0044,35.3005,3.7391,6.8019,82.2,1.5078,0.5185,152.6571
7,279.5847,1.3718,40.1383,7.4707,57.8413,106.86,1.4562,0.6563,89.2457
7,238.0598,1.0764,40.2254,4.827,16.2015,41.1,1.4527,0.567,89.2457
7,304.8419,0.8964,49.4349,8.1892,60.5415,123.3,1.3337,0.4678,142.0886
7,284.1717,1.058,46.776,5.0478,16.2015,41.1,1.5306,0.5663,89.2457
7,319.2453,1.1705,47.4744,4.1608,6.8019,82.2,1.4347,0.5479,130.3457
7,207.3217,1.1408,34.9636,6.3556,57.8413,106.86,1.3279,0.5689,118.6029
7,167.6334,1.1609,32.9097,6.4759,62.6262,131.52,1.4042,0.5598,86.8971
7,294.1969,0.9722,48.8487,6.7765,57.8413,106.86,1.4215,0.4017,109.2086
7,183.5864,1.1988,27.4059,3.6086,11.7294,106.86,1.4148,0.6643,153.8314
7,229.7074,1.113,33.5017,4.4085,11.7294,106.86,1.6018,0.4783,116.2543
7,243.295,1.1916,37.301,5.5326,57.8413,106.86,1.5534,0.5732,140.9143
7,288.3554,1.0756,39.0677,6.7315,35.3044,312.36,1.5978,0.459,108.0343
7,299.6016,1.1758,51.2536,8.6069,57.8413,106.86,1.4086,0.4368,125.6486
7,206.4074,1.0504,36.7803,7.0137,62.6262,131.52,1.45,0.5521,84.5486
7,298.944,1.1788,52.0247,9.1247,60.5415,123.3,1.4618,0.4897,97.4657
7,316.6012,1.1683,50.9409,8.9073,61.4555,106.86,1.3895,0.4811,135.0429
7,237.7757,0.8862,33.8663,3.8977,16.2015,41.1,1.4417,0.3822,129.1714
7,240.76,0.8468,36.9809,4.1195,6.8019,82.2,1.6252,0.4591,91.5943
7,382.7477,0.9305,52.2381,7.8322,35.3044,312.36,1.5448,0.5914,106.86
7,221.3083,0.9082,33.8721,3.9741,16.2015,41.1,1.5646,0.4081,112.7314
7,262.0891,0.9384,37.4012,7.1512,60.5415,123.3,1.4813,0.3442,91.5943
7,276.7387,0.8793,41.8784,5.0619,26.1889,73.98,1.4532,0.2573,115.08
7,279.282,0.9626,30.795,3.4948,11.7294,106.86,1.5271,0.4184,100.9886
7,378.2195,0.894,43.6359,7.3576,35.3044,312.36,1.6597,0.4021,109.2086
7,224.6384,0.9136,28.9341,3.962,26.1889,73.98,1.4479,0.5022,152.6571
7,225.9517,0.8661,34.7769,6.2124,35.3044,312.36,1.597,0.4368,156.18
7,257.9258,0.9569,40.2446,6.8804,60.5415,123.3,1.6918,0.4208,189.06
7,222.0376,1.0308,36.2132,6.823,35.3044,312.36,1.7507,0.5677,83.3743
7,274.0474,1.252,31.4282,3.4162,11.7294,106.86,1.5486,0.6763,127.9971
7,184.6607,0.9013,27.8,3.5616,6.8019,82.2,1.604,0.4512,86.8971
7,247.6122,0.9625,36.0349,5.7469,57.8413,106.86,1.5503,0.4548,197.28
7,281.7255,0.82,34.616,6.4632,35.3044,312.36,1.6308,0.3551,97.4657
7,299.9144,0.9277,43.2799,7.4319,57.8413,106.86,1.5831,0.4191,138.5657
7,194.8226,0.9578,29.3111,3.6902,16.2015,41.1,1.72,0.5492,116.2543
7,209.4338,1.0927,31.1371,5.9628,35.3044,312.36,1.5531,0.4971,73.98
7,282.3998,1.0022,38.2169,7.3162,57.8413,106.86,1.6598,0.3959,100.9886
7,266.5623,0.9771,38.073,5.7778,35.3044,312.36,1.5791,0.4695,122.1257
7,223.3151,0.9165,31.9809,6.3154,57.8413,106.86,1.5527,0.594,93.9429
7,240.1722,1.1045,29.5031,3.9218,11.7294,106.86,1.6942,0.4827,81.0257
7,210.4209,1.0669,27.1853,3.339,16.2015,41.1,1.4391,0.4679,90.42
7,214.2096,0.9896,25.3014,5.186,35.3044,312.36,1.5697,0.4104,115.08
7,190.5785,1.1169,30.1868,6.4835,60.5415,123.3,1.5339,0.3955,78.6771
7,300.057,1.0645,37.1087,5.9829,61.4555,106.86,1.6104,0.5088,138.5657
7,293.7094,0.9017,42.1835,4.6917,11.7294,106.86,1.4075,0.3809,124.4743
7,316.5451,0.8798,39.9945,4.88,26.1889,73.98,1.4731,0.5253,127.9971
7,222.287,0.9396,31.4702,6.0912,60.5415,123.3,1.3592,0.6095,90.42
7,259.7203,0.8509,36.4241,6.509,57.8413,106.86,1.4602,0.3193,130.3457
7,205.4934,1.0154,23.897,3.5815,26.1889,73.98,1.5823,0.4629,86.8971
7,212.0502,1.1318,23.0229,3.3635,11.7294,106.86,1.6032,0.501,78.6771
7,262.8893,1.0396,34.3728,5.0564,57.8413,106.86,1.5242,0.503,119.7771
7,215.5229,0.9052,28.6362,3.8017,11.7294,106.86,1.6027,0.2891,118.6029
7,296.4417,1.2068,31.6088,6.0778,35.3044,312.36,1.4375,0.6376,98.64
7,253.7464,0.92,35.6165,6.99,60.5415,123.3,1.3615,0.5692,131.52
7,193.2787,0.7191,26.841,5.4598,60.5415,123.3,1.5864,0.4013,81.0257
7,330.6802,1.0177,41.2096,7.6399,60.5415,123.3,1.3198,0.4323,99.8143
7,295.8539,0.9233,34.3341,3.4551,16.2015,41.1,1.3707,0.4234,88.0714
7,170.4402,0.8223,27.4236,4.8089,62.6262,131.52,1.463,0.485,162.0514
7,209.6814,1.0456,24.0606,2.5427,6.8019,82.2,1.5666,0.4017,117.4286
7,188.0485,1.0097,23.7247,5.0814,35.3044,312.36,1.543,0.4067,89.2457
7,319.9026,0.9184,36.5164,6.2388,35.3044,312.36,1.6735,0.476,122.1257
7,216.3948,1.1352,27.0964,3.4201,11.7294,106.86,1.6143,0.5314,89.2457
7,237.1458,1.1293,32.534,6.3404,61.4555,106.86,1.3972,0.5381,91.5943
7,287.5929,0.9115,39.6755,4.3791,16.2015,41.1,1.3589,0.5869,125.6486
7,189.9687,1.1734,29.8891,5.9192,62.6262,131.52,1.3333,0.4475,120.9514
7,228.5453,1.0858,31.0029,4.0813,16.2015,41.1,1.5375,0.5562,85.7229
7,184.6607,0.9934,26.5158,5.6062,62.6262,131.52,1.3834,0.4354,86.8971
7,151.1947,1.0125,26.1239,5.2371,62.6262,131.52,1.4318,0.531,123.3
7,230.8967,1.2115,25.5181,2.4971,6.8019,82.2,1.4685,0.5563,147.96
7,263.0128,1.0274,30.5444,3.5688,11.7294,106.86,1.4667,0.5339,102.1629
7,248.8103,1.227,26.9066,2.7463,11.7294,106.86,1.5167,0.5328,155.0057
7,324.4478,1.1896,49.4614,4.644,16.2015,41.1,1.4864,0.4791,131.52
7,320.1593,0.9639,53.4169,8.1913,61.4555,106.86,1.4836,0.5216,127.9971
7,306.8705,1.2312,51.7941,7.3238,57.8413,106.86,1.4261,0.5468,136.2171
7,220.1663,1.1271,38.9398,7.0898,61.4555,106.86,1.4182,0.4486,162.0514
7,308.0451,1.0061,49.3945,4.3537,16.2015,41.1,1.4649,0.6184,95.1171
7,162.2473,1.1624,31.0412,6.2945,62.6262,131.52,1.4869,0.5358,98.64
7,255.6609,1.211,41.0099,6.2481,62.6262,131.52,1.4744,0.5797,119.7771
7,146.6939,1.2035,25.9034,5.2098,35.3044,312.36,1.4738,0.4888,79.8514
7,224.7378,1.3632,37.3843,7.0058,61.4555,106.86,1.3674,0.6727,85.7229
7,307.7845,1.1083,54.8567,7.8868,61.4555,106.86,1.3834,0.4677,133.8686
7,241.9307,1.3595,40.7603,7.7345,61.4555,106.86,1.4113,0.468,95.1171
7,303.4539,1.1335,48.1309,6.0442,26.1889,73.98,1.5971,0.5168,103.3371
7,281.0218,1.2156,44.8424,5.3371,26.1889,73.98,1.4291,0.465,117.4286
7,255.8311,1.0126,39.982,4.8512,11.7294,106.86,1.5814,0.5927,132.6943
7,305.2584,0.7448,53.4727,9.0862,57.8413,106.86,1.4785,0.4096,99.8143
7,220.8816,1.074,38.2258,6.4393,62.6262,131.52,1.3211,0.6063,152.6571
7,246.0003,0.9764,42.3861,4.3579,26.1889,73.98,1.3948,0.5532,108.0343
7,234.6435,1.0497,41.395,7.6898,35.3044,312.36,1.4399,0.3483,92.7686
7,391.922,1.1331,66.6664,9.9744,61.4555,106.86,1.3357,0.5468,143.2629
7,287.7676,1.0816,42.4655,4.5058,16.2015,41.1,1.3746,0.4984,97.4657
7,228.9647,0.9739,40.0791,7.0844,62.6262,131.52,1.6409,0.5724,171.4457
7,277.1973,1.0448,46.0168,6.1932,57.8413,106.86,1.5256,0.4176,99.8143
7,256.1061,1.1683,39.8906,7.2932,61.4555,106.86,1.4744,0.5568,130.3457
7,264.1417,1.2011,42.7576,7.6068,61.4555,106.86,1.4299,0.5089,120.9514
7,240.8841,1.2623,37.0478,3.9339,16.2015,41.1,1.3222,0.662,152.6571
7,249.8755,1.2078,39.7537,4.2535,16.2015,41.1,1.465,0.5491,125.6486
7,322.708,1.2604,48.6019,5.4631,26.1889,73.98,1.4915,0.5003,115.08
7,317.6103,1.0265,46.5671,7.9151,35.3044,312.36,1.5784,0.5309,98.64
7,320.1593,1.1655,50.15,8.5983,62.6262,131.52,1.4671,0.5397,127.9971
7,181.8179,1.2006,29.6992,4.4634,26.1889,73.98,1.4448,0.5987,84.5486
7,236.0129,1.1898,36.7911,6.8586,57.8413,106.86,1.4146,0.6058,103.3371
7,302.1417,1.1593,47.1094,3.816,6.8019,82.2,1.5823,0.4492,139.74
7,220.5151,0.7951,37.992,5.1338,26.1889,73.98,1.3643,0.3852,102.1629
7,296.4057,1.3488,48.8643,8.2895,62.6262,131.52,1.3712,0.647,171.4457
7,288.5069,1.0039,44.0894,4.4995,16.2015,41.1,1.4284,0.3891,123.3
7,189.5133,1.123,36.111,6.5574,62.6262,131.52,1.4852,0.5048,108.0343
7,182.9886,1.0221,35.1814,6.8458,61.4555,106.86,1.3836,0.4102,88.0714
7,323.7275,1.0309,53.8633,4.4487,6.8019,82.2,1.399,0.6061,145.6114
7,238.4967,1.0113,44.3624,6.3921,57.8413,106.86,1.4734,0.5835,163.2257
7,343.6245,1.0647,55.3188,8.9335,35.3044,312.36,1.3953,0.5765,112.7314
7,306.0803,0.8663,48.7206,7.5967,57.8413,106.86,1.4937,0.436,163.2257
7,211.0508,1.2329,35.7488,4.1874,16.2015,41.1,1.35,0.5074,127.9971
7,320.1593,1.1951,50.3756,5.1489,11.7294,106.86,1.3963,0.6457,127.9971
7,196.7328,1.2049,36.3832,4.8489,11.7294,106.86,1.4287,0.5586,92.7686
7,231.0854,1.0752,39.6915,7.6713,62.6262,131.52,1.3901,0.5947,99.8143
7,303.1798,1.1801,45.5434,4.1515,6.8019,82.2,1.3965,0.5049,198.4543
7,290.7428,0.9611,49.4924,8.6746,61.4555,106.86,1.4983,0.4623,97.4657
7,206.2648,1.0641,37.5971,7.5595,62.6262,131.52,1.3937,0.5896,84.5486
7,255.9737,1.2567,45.7842,8.2238,62.6262,131.52,1.4915,0.677,132.6943
7,301.9991,1.1289,41.572,3.9594,6.8019,82.2,1.3044,0.6203,139.74
7,224.0732,1.1371,29.7404,6.0603,35.3044,312.36,1.3782,0.616,95.1171
7,297.3283,0.9206,39.9069,4.5678,11.7294,106.86,1.6252,0.4861,142.0886
7,211.3209,1.2524,32.2418,3.5586,11.7294,106.86,1.5306,0.481,108.0343
7,243.2529,1.2076,41.1749,7.5861,62.6262,131.52,1.3504,0.5407,113.9057
7,321.9455,1.0908,46.808,5.8044,26.1889,73.98,1.4767,0.454,132.6943
7,276.5583,1.1962,40.1534,7.6737,62.6262,131.52,1.4052,0.4762,99.8143
7,256.703,1.0921,36.2837,5.0629,26.1889,73.98,1.4662,0.5822,103.3371
7,311.7602,1.1813,42.6774,4.0928,6.8019,82.2,1.2967,0.6031,124.4743
7,258.8337,0.9224,43.0121,7.9773,57.8413,106.86,1.3444,0.4746,86.8971
7,127.4393,0.9804,24.1132,5.7951,62.6262,131.52,1.3844,0.557,78.6771
7,343.7904,1.363,53.1174,7.9321,35.3044,312.36,1.4849,0.6819,164.4
7,276.3394,1.1075,42.6585,6.5638,61.4555,106.86,1.3631,0.6914,109.2086
7,243.8828,1.1264,42.2196,6.5943,60.5415,123.3,1.4486,0.614,151.4829
7,296.3002,1.3352,46.323,7.5758,57.8413,106.86,1.4812,0.5283,138.5657
7,277.3488,1.1387,39.7884,7.1718,62.6262,131.52,1.468,0.5366,115.08
7,338.0815,1.1082,43.4832,4.4911,16.2015,41.1,1.405,0.5049,108.0343
7,267.8745,1.0825,37.9486,6.4442,60.5415,123.3,1.3872,0.5028,85.7229
7,265.5057,0.9726,37.4639,7.0755,61.4555,106.86,1.45,0.5412,124.4743
7,330.1888,1.135,54.0148,8.0198,62.6262,131.52,1.5578,0.5542,159.7029
7,391.3668,1.0891,59.5601,5.6962,26.1889,73.98,1.37,0.4938,140.9143
7,192.986,1.2553,35.7207,6.2878,61.4555,106.86,1.3956,0.5906,147.96
7,212.5056,1.2035,35.7006,6.9394,62.6262,131.52,1.4914,0.5474,91.5943
7,252.8321,1.359,32.0671,6.1322,62.6262,131.52,1.3933,0.622,97.4657
7,317.6293,1.3534,50.0163,8.1823,61.4555,106.86,1.3968,0.7395,138.5657
7,302.857,0.9404,44.7517,4.4526,11.7294,106.86,1.4269,0.4679,130.3457
7,300.1985,1.4078,46.6894,8.1114,35.3044,312.36,1.4472,0.5869,98.64
7,108.5077,1.0009,30.0752,6.0308,60.5415,123.3,1.3636,0.5417,92.7686
7,296.4243,1.2131,52.8661,8.3545,60.5415,123.3,1.3801,0.5122,199.6286
7,257.6356,0.9941,45.3443,5.6009,26.1889,73.98,1.5367,0.5495,129.1714
7,235.9391,1.1519,41.2305,5.3566,26.1889,73.98,1.4638,0.4949,160.8771
7,197.4481,1.2275,30.891,4.4927,11.7294,106.86,1.3628,0.6173,83.3743
7,237.4586,1.0664,34.0172,6.2516,35.3044,312.36,1.5065,0.5085,104.5114
7,342.0633,1.1591,40.0946,3.8329,11.7294,106.86,1.5166,0.5892,198.4543
7,323.9247,1.0247,45.4911,8.0138,61.4555,106.86,1.4427,0.4719,100.9886
7,343.7804,1.2712,38.9557,3.9172,16.2015,41.1,1.4448,0.6669,109.2086
7,244.158,1.0914,32.7509,3.8102,16.2015,41.1,1.5008,0.5867,96.2914
7,247.1753,0.8842,35.2221,5.7837,35.3044,312.36,1.5811,0.4891,123.3
7,211.0508,0.9398,33.8279,5.9631,35.3044,312.36,1.4787,0.5535,127.9971
7,346.293,1.0857,53.5473,4.5236,11.7294,106.86,1.4126,0.4686,199.6286
7,233.7118,1.1082,39.8906,6.995,60.5415,123.3,1.5233,0.511,159.7029
7,279.3914,1.1297,38.6924,5.218,26.1889,73.98,1.5397,0.4951,89.2457
7,206.2648,0.9418,38.7416,7.496,62.6262,131.52,1.4384,0.5116,84.5486
7,340.1662,1.0216,43.4748,4.8115,26.1889,73.98,1.4771,0.4496,109.2086
7,303.2746,0.9802,40.2489,3.5258,16.2015,41.1,1.4739,0.4666,127.9971
7,234.3087,1.0703,32.6859,4.0797,11.7294,106.86,1.3675,0.5331,132.6943
7,283.4279,1.0865,32.1748,3.4023,11.7294,106.86,1.4729,0.5679,104.5114
7,247.6122,1.0496,31.8396,3.7586,26.1889,73.98,1.5364,0.5596,197.28
7,219.081,1.2859,31.8795,3.2763,16.2015,41.1,1.5806,0.6666,111.5571
7,330.7583,1.1647,43.9247,7.536,60.5415,123.3,1.5979,0.4211,178.4914
7,242.7021,1.2098,29.8716,3.843,11.7294,106.86,1.562,0.5362,92.7686
7,296.2715,1.1025,40.4653,3.8492,16.2015,41.1,1.375,0.5856,85.7229
7,238.7808,0.719,31.7324,4.2493,11.7294,106.86,1.5011,0.3601,123.3
7,233.9959,0.8791,38.0268,5.7303,61.4555,106.86,1.603,0.4896,119.7771
7,321.4047,1.1152,41.5312,7.0865,35.3044,312.36,1.4711,0.4838,166.7486
7,329.4074,1.0916,41.1896,3.4545,16.2015,41.1,1.4484,0.5711,106.86
7,373.3481,1.1216,54.5701,9.03,60.5415,123.3,1.3406,0.5884,112.7314
7,341.2414,1.089,48.7965,3.9057,6.8019,82.2,1.4475,0.5778,135.0429
7,342.8764,1.0268,45.8452,3.6159,6.8019,82.2,1.457,0.3974,166.7486
7,205.5355,1.1808,31.152,6.1088,62.6262,131.52,1.4078,0.5662,113.9057
7,280.288,0.8569,52.243,4.9514,16.2015,41.1,1.3804,0.4702,187.8857
7,345.1397,1.0281,49.5204,5.1316,11.7294,106.86,1.6429,0.5104,95.1171
7,343.009,1.0651,47.5492,8.6041,61.4555,106.86,1.4695,0.4455,111.5571
7,383.1653,0.9643,57.73,5.2586,16.2015,41.1,1.43,0.4349,104.5114
7,290.7428,1.1167,43.5139,7.8775,60.5415,123.3,1.58,0.484,97.4657
7,108.0523,0.8007,22.7705,4.9771,57.8413,106.86,1.528,0.3662,79.8514
7,253.4897,0.9252,34.1819,5.5578,35.3044,312.36,1.4752,0.4965,125.6486
7,235.0761,1.1126,31.5378,3.5998,6.8019,82.2,1.5791,0.5468,205.5
7,144.1825,0.932,23.6117,4.2413,35.3044,312.36,1.4472,0.4253,118.6029
7,285.8714,1.0433,35.6744,6.4912,35.3044,312.36,1.5487,0.3851,100.9886
7,355.4259,1.1272,39.8527,3.9711,11.7294,106.86,1.5588,0.6025,132.6943
7,255.8311,1.0218,35.3096,3.684,6.8019,82.2,1.4585,0.4226,132.6943
7,180.5691,1.1618,37.1454,6.9247,62.6262,131.52,1.4373,0.5405,126.8229
7,317.417,1.1179,52.414,6.0726,26.1889,73.98,1.3496,0.4939,98.64
7,330.079,1.1143,55.6994,9.3887,62.6262,131.52,1.4064,0.4764,115.08
7,186.7454,1.1767,34.4569,6.551,60.5415,123.3,1.45,0.5769,88.0714
7,358.6813,0.954,60.0676,8.9332,57.8413,106.86,1.3649,0.5734,137.3914
7,239.0558,1.025,40.5034,4.2032,16.2015,41.1,1.3582,0.6309,120.9514
7,284.8927,1.261,43.7393,7.8055,60.5415,123.3,1.4085,0.52,123.3
7,197.4581,1.3865,34.4788,6.1421,61.4555,106.86,1.4872,0.7259,138.5657
7,347.9551,0.9066,49.849,4.3018,16.2015,41.1,1.4515,0.4782,143.2629
7,249.103,1.0681,41.8828,7.9126,61.4555,106.86,1.5122,0.433,88.0714
7,195.1035,1.1159,31.583,3.9241,11.7294,106.86,1.4594,0.5584,104.5114
7,213.1632,1.1981,37.2658,6.7777,62.6262,131.52,1.3862,0.4369,119.7771
7,361.7991,1.1459,63.3634,9.625,62.6262,131.52,1.4748,0.5854,137.3914
7,256.4323,1.2009,40.0603,4.6185,11.7294,106.86,1.5212,0.6202,117.4286
7,228.7934,1.1732,41.2688,7.7135,60.5415,123.3,1.4162,0.5047,118.6029
7,253.1309,0.9926,46.1318,8.1607,60.5415,123.3,1.4146,0.558,130.3457
7,173.8917,1.2011,34.5414,7.1047,62.6262,131.52,1.4225,0.6654,82.2
7,247.5835,1.2419,45.5915,7.9024,61.4555,106.86,1.4718,0.5458,144.4371
7,322.8595,0.9447,57.3451,8.8681,57.8413,106.86,1.451,0.533,130.3457
7,219.1371,1.2593,35.9785,6.6202,57.8413,106.86,1.4106,0.5985,118.6029
7,254.9445,1.1767,34.9581,4.3859,16.2015,41.1,1.6342,0.6279,89.2457
7,282.8641,1.2006,44.4104,5.6161,26.1889,73.98,1.6115,0.5962,129.1714
7,198.0359,1.2803,34.5917,4.1578,16.2015,41.1,1.4302,0.5199,93.9429
7,281.3432,1.084,41.7924,7.8483,61.4555,106.86,1.4345,0.6136,103.3371
7,230.3038,1.2657,33.0835,6.5785,35.3044,312.36,1.2946,0.5381,99.8143
7,274.9053,1.1879,37.5888,4.4812,11.7294,106.86,1.3872,0.5085,118.6029
7,329.6824,1.2113,47.4887,8.2197,61.4555,106.86,1.411,0.6399,104.5114
7,178.029,1.1612,36.8567,6.9081,60.5415,123.3,1.3145,0.4681,112.7314
7,301.9109,1.1106,49.8521,8.1355,60.5415,123.3,1.3371,0.5498,160.8771
7,268.1873,1.1602,40.1337,6.831,35.3044,312.36,1.4432,0.6479,98.64
7,232.8573,1.2716,35.0746,4.4424,11.7294,106.86,1.4604,0.6152,88.0714
7,151.1947,1.2081,30.0333,5.6572,60.5415,123.3,1.4068,0.6177,123.3
7,234.6258,1.1639,45.3652,7.6179,62.6262,131.52,1.4939,0.4844,157.3543
7,320.7792,1.2103,44.5085,4.3414,11.7294,106.86,1.4468,0.5754,110.3829
7,189.6846,1.3379,38.7203,6.9037,57.8413,106.86,1.4393,0.496,160.8771
7,317.0415,1.2385,51.9005,8.6364,35.3044,312.36,1.3937,0.5485,127.9971
7,246.6015,1.2531,36.7245,6.9745,35.3044,312.36,1.5745,0.561,92.7686
7,192.8058,1.2288,37.9076,5.6648,26.1889,73.98,1.4229,0.5803,79.8514
7,147.0067,1.1707,30.961,4.386,11.7294,106.86,1.6862,0.5443,92.7686
7,321.2245,1.0783,43.9181,3.7923,6.8019,82.2,1.4631,0.5451,98.64
7,262.8472,1.0657,40.6544,7.639,61.4555,106.86,1.4442,0.5131,92.7686
7,217.5655,1.1716,38.6288,7.0082,60.5415,123.3,1.4652,0.6063,92.7686
7,307.7424,1.1902,44.1979,3.9999,6.8019,82.2,1.5335,0.6393,106.86
7,289.6776,1.077,44.7183,5.4643,26.1889,73.98,1.5295,0.5526,126.8229
7,249.8755,1.0814,38.0652,6.3464,60.5415,123.3,1.5047,0.519,125.6486
7,143.544,1.1583,33.7604,5.2291,26.1889,73.98,1.4813,0.4093,108.0343
7,318.9612,1.1361,44.9673,4.358,16.2015,41.1,1.3952,0.6303,170.2714
7,215.5229,1.1918,33.0338,3.5678,11.7294,106.86,1.5753,0.6867,118.6029
7,357.2121,1.0589,53.8709,8.6688,57.8413,106.86,1.3062,0.5725,137.3914
7,205.5164,0.9304,35.3063,6.2431,35.3044,312.36,1.589,0.5755,96.2914
7,265.5618,1.1959,35.9151,6.1149,60.5415,123.3,1.4307,0.5331,131.52
7,286.1381,0.9579,47.7576,7.8145,35.3044,312.36,1.4562,0.3505,162.0514
7,214.4663,1.2375,24.183,3.1186,6.8019,82.2,1.5804,0.7238,120.9514
7,251.3212,0.934,39.0481,4.6584,11.7294,106.86,1.3891,0.5054,126.8229
7,243.8828,1.0783,36.2026,6.3501,35.3044,312.36,1.4951,0.5074,151.4829
7,251.9315,1.0158,35.0815,3.2229,6.8019,82.2,1.4852,0.4576,73.98
7,308.4,1.0571,43.0641,8.0295,62.6262,131.52,1.44,0.5732,135.0429
7,191.7879,1.1665,33.848,5.2568,60.5415,123.3,1.5989,0.4786,190.2343
7,201.7787,1.0237,31.1812,3.3289,6.8019,82.2,1.5498,0.5812,113.9057
7,205.4934,1.1518,28.3528,6.0152,61.4555,106.86,1.4188,0.5206,86.8971
7,369.7339,1.1501,55.5126,9.2632,60.5415,123.3,1.4077,0.4794,112.7314
7,209.1076,1.1212,28.7421,6.1923,61.4555,106.86,1.3572,0.5652,86.8971
7,206.7062,1.1648,28.6088,4.7182,35.3044,312.36,1.5719,0.5636,117.4286
7,292.7134,0.8577,46.6184,4.3737,6.8019,82.2,1.6255,0.3739,92.7686
7,252.2269,1.1183,40.9566,6.6241,35.3044,312.36,1.5106,0.5351,187.8857
7,258.1999,1.1086,42.4399,7.174,57.8413,106.86,1.4689,0.508,93.9429
7,346.1689,1.1176,58.9406,8.47,60.5415,123.3,1.5436,0.5442,138.5657
7,387.5914,0.9032,65.9061,10.3389,62.6262,131.52,1.3689,0.3975,112.7314
7,286.3402,1.081,45.376,7.7092,57.8413,106.86,1.512,0.5127,88.0714
7,392.7351,1.0541,62.977,8.3911,57.8413,106.86,1.4018,0.4909,111.5571
7,236.0806,1.0558,37.0004,6.9282,60.5415,123.3,1.5187,0.4571,120.9514
7,358.3825,1.0612,53.5053,8.7112,60.5415,123.3,1.3889,0.406,104.5114
7,367.3004,1.3354,49.9996,5.429,26.1889,73.98,1.4642,0.6781,171.4457
7,330.5376,1.0668,42.6825,4.9087,26.1889,73.98,1.452,0.5306,99.8143
7,202.9634,1.0454,36.4397,4.4006,16.2015,41.1,1.4567,0.4629,97.4657
7,273.7818,1.1677,38.7536,6.5156,62.6262,131.52,1.3493,0.4683,106.86
7,345.1123,0.8952,58.454,7.8068,57.8413,106.86,1.3143,0.4996,140.9143
7,280.4206,1.0295,38.0481,3.7697,6.8019,82.2,1.5454,0.405,132.6943
7,298.0721,1.176,45.304,6.0417,26.1889,73.98,1.4261,0.4948,126.8229
7,130.0071,1.1442,28.2103,3.8273,26.1889,73.98,1.5764,0.4662,83.3743
7,230.5653,1.1416,42.461,7.4248,57.8413,106.86,1.4685,0.4222,106.86
7,337.5498,0.7849,51.2467,8.4015,61.4555,106.86,1.3662,0.436,104.5114
7,293.5856,1.0822,44.572,4.971,11.7294,106.86,1.3469,0.4582,99.8143
7,294.9133,1.2106,41.9842,3.6609,16.2015,41.1,1.3263,0.6287,139.74
7,356.2978,1.0265,62.1846,9.3713,62.6262,131.52,1.3096,0.5302,103.3371
7,327.6355,0.9835,51.054,8.1214,35.3044,312.36,1.4999,0.5665,118.6029
7,214.6089,1.3206,37.8151,7.2219,62.6262,131.52,1.3878,0.6801,120.9514
7,273.7257,1.0477,43.2138,4.2067,16.2015,41.1,1.3812,0.6218,99.8143
7,259.8629,1.0732,43.9116,7.8305,62.6262,131.52,1.4705,0.4638,130.3457
7,173.8831,1.0608,29.8565,3.901,16.2015,41.1,1.4056,0.5204,109.2086
7,270.0339,1.2804,42.1625,7.5775,62.6262,131.52,1.2754,0.5564,122.1257
7,305.387,1.1718,52.1592,8.6024,57.8413,106.86,1.473,0.4996,119.7771
7,273.4966,1.2045,42.3264,4.8906,11.7294,106.86,1.5571,0.6317,106.86
7,222.2366,0.7894,39.9306,5.1386,11.7294,106.86,1.4157,0.3262,126.8229
7,219.6779,1.1003,36.8448,3.9291,6.8019,82.2,1.5698,0.5091,84.5486
7,375.2626,1.2241,59.2689,9.1356,35.3044,312.36,1.4503,0.5368,100.9886
7,377.3616,1.1914,60.3556,6.2635,26.1889,73.98,1.461,0.4681,118.6029
7,160.7369,1.049,36.1844,5.3296,26.1889,73.98,1.4513,0.5038,117.4286
7,295.4136,1.2254,48.4005,5.7593,26.1889,73.98,1.4834,0.6532,95.1171
7,354.2131,1.1866,56.5839,9.3949,62.6262,131.52,1.3184,0.6584,102.1629
7,398.5952,1.0088,66.8609,6.211,26.1889,73.98,1.4984,0.4413,140.9143
7,271.2057,0.7961,45.0148,4.9526,11.7294,106.86,1.4964,0.4727,165.5743
7,319.8752,1.1994,50.362,4.8503,11.7294,106.86,1.4452,0.5094,167.9229
7,193.1186,1.1693,33.9249,4.2559,16.2015,41.1,1.4239,0.525,92.7686
7,236.412,1.1595,42.0568,7.1861,61.4555,106.86,1.3954,0.4749,162.0514
7,333.2966,1.0402,56.8289,9.5591,57.8413,106.86,1.336,0.3753,104.5114
7,294.357,0.9714,53.0859,9.334,60.5415,123.3,1.3689,0.4115,97.4657
7,190.8913,1.1888,34.3618,7.0234,60.5415,123.3,1.4857,0.4217,91.5943
7,294.0082,1.0504,47.1463,4.1373,16.2015,41.1,1.4052,0.3973,157.3543
7,245.4034,1.2621,40.1334,7.5441,61.4555,106.86,1.4509,0.5184,135.0429
7,310.4109,1.1161,53.2706,5.8883,26.1889,73.98,1.3947,0.4554,193.7571
7,337.1775,0.8263,62.4336,9.6296,57.8413,106.86,1.4271,0.4797,165.5743
7,215.0586,1.2181,31.6859,6.3603,60.5415,123.3,1.4798,0.6624,90.42
7,280.5548,1.1428,38.0456,3.9437,11.7294,106.86,1.5354,0.5769,93.9429
7,349.5658,1.1075,49.4256,8.4352,60.5415,123.3,1.4304,0.416,103.3371
7,185.2485,0.8653,32.67,6.4099,62.6262,131.52,1.5336,0.4369,97.4657
7,300.0009,1.1631,44.3046,7.716,35.3044,312.36,1.4716,0.5997,131.52
7,301.3692,1.0554,43.0812,7.7198,57.8413,106.86,1.441,0.5137,102.1629
7,302.3606,1.253,49.4558,8.4762,57.8413,106.86,1.5134,0.4818,130.3457
7,245.6875,1.2466,38.5782,4.8201,11.7294,106.86,1.2891,0.4856,95.1171
7,285.739,1.1886,47.9638,8.4804,60.5415,123.3,1.4108,0.5074,103.3371
7,368.6687,1.1298,56.103,6.2997,26.1889,73.98,1.5272,0.6062,142.0886
7,244.0254,0.9964,41.0571,4.534,11.7294,106.86,1.3352,0.4484,151.4829
7,241.7881,1.2314,39.3975,7.5993,57.8413,106.86,1.4025,0.578,95.1171
7,257.0201,1.059,45.3443,7.824,57.8413,106.86,1.4697,0.6004,127.9971
7,246.1187,1.2559,42.1515,7.6953,62.6262,131.52,1.4792,0.5106,125.6486
7,159.2719,1.2481,33.0638,5.9383,60.5415,123.3,1.4778,0.6291,151.4829
7,228.7843,1.0166,41.0632,4.8891,11.7294,106.86,1.3859,0.4703,156.18
7,264.06,1.106,43.4051,7.8183,60.5415,123.3,1.3141,0.4969,123.3
7,215.8443,1.0202,36.5096,7.242,61.4555,106.86,1.3405,0.5111,104.5114
7,231.6866,1.1858,36.5679,6.6827,61.4555,106.86,1.3993,0.5977,84.5486
7,348.7265,0.9489,50.1478,5.4336,26.1889,73.98,1.3387,0.5153,140.9143
7,278.2354,1.111,42.445,7.2743,57.8413,106.86,1.3978,0.5271,158.5286
7,329.7662,1.0118,43.8521,4.4835,11.7294,106.86,1.4289,0.4915,102.1629
7,302.2832,1.2506,43.7041,7.3443,35.3044,312.36,1.5176,0.6328,99.8143
7,321.9599,1.1669,46.9951,4.2568,11.7294,106.86,1.5347,0.4931,169.0971
7,283.3138,1.1561,40.534,4.0113,6.8019,82.2,1.4897,0.5196,98.64
7,291.9696,1.1955,41.4382,5.1919,26.1889,73.98,1.5342,0.5194,108.0343
7,325.8161,0.9933,50.1358,6.0056,26.1889,73.98,1.3729,0.5917,102.1629
7,282.9827,1.0137,44.253,4.8466,16.2015,41.1,1.3766,0.5612,93.9429
7,348.6518,1.1161,51.3903,8.2795,35.3044,312.36,1.5196,0.4633,105.6857
7,219.3651,1.3939,33.4616,4.1795,11.7294,106.86,1.4401,0.6609,71.6314
7,282.8962,1.4418,38.9238,4.9438,26.1889,73.98,1.5437,0.5962,100.9886
7,200.8921,1.2821,37.6047,7.2461,57.8413,106.86,1.565,0.4656,70.4571
7,237.0032,1.0994,40.2339,8.061,62.6262,131.52,1.4305,0.5304,91.5943
7,283.5705,1.0236,48.2491,5.0457,16.2015,41.1,1.4966,0.5121,104.5114
7,223.5818,1.2215,35.784,4.7206,26.1889,73.98,1.4742,0.5073,155.0057
7,341.3469,1.2395,54.8741,5.0859,16.2015,41.1,1.4207,0.5228,167.9229
7,186.0557,1.1263,36.1333,6.7974,57.8413,106.86,1.5727,0.5814,88.0714
7,271.0487,0.6418,47.0639,5.3064,11.7294,106.86,1.5206,0.3977,129.1714
7,288.2228,1.1538,47.1843,5.6774,26.1889,73.98,1.4121,0.421,163.2257
7,306.7379,1.0074,49.9226,5.1008,11.7294,106.86,1.4665,0.5808,191.4086
7,242.5462,1.1311,39.251,4.3893,6.8019,82.2,1.4417,0.4374,96.2914
7,232.5311,1.0443,35.8362,4.5516,6.8019,82.2,1.5146,0.6082,100.9886
7,298.03,1.2146,45.4082,4.857,16.2015,41.1,1.4822,0.5748,99.8143
7,224.9225,0.9716,32.2139,6.4452,57.8413,106.86,1.5341,0.4065,112.7314
7,263.2698,1.1356,41.5288,4.1277,16.2015,41.1,1.3813,0.4999,150.3086
7,286.6933,1.2855,43.288,4.9493,11.7294,106.86,1.4707,0.5456,164.4
7,156.2259,1.2414,32.144,6.3207,57.8413,106.86,1.4539,0.5536,71.6314
7,235.948,0.9017,45.6855,7.275,57.8413,106.86,1.3674,0.4762,176.1429
7,208.8235,1.0992,39.5357,7.4183,62.6262,131.52,1.4636,0.5862,126.8229
7,216.6936,1.1683,38.129,4.9051,11.7294,106.86,1.4253,0.5517,122.1257
7,249.8755,1.0853,39.942,4.3984,6.8019,82.2,1.4343,0.6118,125.6486
7,211.1923,1.171,38.0005,4.8088,16.2015,41.1,1.4133,0.5357,88.0714
7,249.3017,1.0494,43.6999,7.8791,62.6262,131.52,1.543,0.5352,95.1171
7,237.4863,1.1632,36.7188,4.6793,11.7294,106.86,1.5008,0.533,95.1171
7,251.1023,0.8962,44.9329,8.0544,61.4555,106.86,1.4625,0.5171,136.2171
7,200.608,1.0931,30.3311,6.3203,62.6262,131.52,1.4113,0.6314,110.3829
7,350.1813,1.2451,49.4205,4.812,16.2015,41.1,1.4716,0.6736,104.5114
7,278.5106,1.0969,41.6032,3.9941,6.8019,82.2,1.4191,0.5484,103.3371
7,273.4405,1.2483,42.1095,4.8794,26.1889,73.98,1.3672,0.6141,99.8143
7,285.485,1.0136,46.4852,4.7471,6.8019,82.2,1.4374,0.5874,92.7686
7,256.7451,1.1686,39.1876,4.5806,11.7294,106.86,1.5107,0.5283,130.3457
7,238.23,1.2249,39.4593,4.2259,6.8019,82.2,1.4566,0.4538,102.1629
7,283.4379,1.2354,51.6647,8.5739,60.5415,123.3,1.4818,0.6566,159.7029
7,255.5183,1.0536,40.853,4.9139,16.2015,41.1,1.4427,0.5011,119.7771
7,336.5797,0.9156,56.7212,9.3896,57.8413,106.86,1.46,0.531,99.8143
7,214.9351,0.9898,37.9691,6.6378,57.8413,106.86,1.5039,0.5714,108.0343
7,233.5966,1.1277,42.0259,7.4974,35.3044,312.36,1.4156,0.5533,113.9057
7,154.1699,1.0489,36.1134,5.0214,11.7294,106.86,1.3411,0.4045,123.3
7,331.7671,1.1173,56.4157,9.6358,60.5415,123.3,1.4394,0.4932,105.6857
7,202.1015,1.063,42.1665,6.9235,57.8413,106.86,1.5691,0.4835,182.0143
7,289.3935,1.0927,42.5917,3.7098,6.8019,82.2,1.5293,0.5106,166.7486
7,249.2456,1.1097,38.005,3.8226,6.8019,82.2,1.5087,0.5727,88.0714
7,283.722,1.0948,42.9899,4.4412,6.8019,82.2,1.4204,0.5624,119.7771
7,251.0462,1.2388,35.9287,3.774,6.8019,82.2,1.5029,0.4874,129.1714
7,418.0731,0.955,65.9899,4.3404,11.7294,106.86,1.5735,0.4306,113.9057
7,307.761,0.8551,44.8467,3.9834,16.2015,41.1,1.4925,0.4256,135.0429
7,307.7845,1.0637,41.7886,3.5232,6.8019,82.2,1.4671,0.5729,133.8686
7,179.2271,1.0623,29.0731,5.4784,35.3044,312.36,1.5873,0.5232,70.4571
7,371.3689,1.0677,51.9509,4.6144,16.2015,41.1,1.4464,0.5068,144.4371
7,287.5929,1.1328,36.8858,2.6913,6.8019,82.2,1.5649,0.4642,125.6486
7,175.5092,1.2707,34.0945,4.1058,6.8019,82.2,1.3853,0.5337,125.6486
7,259.4166,1.0575,37.0444,7.2047,57.8413,106.86,1.5469,0.4859,79.8514
7,263.4024,1.3822,43.6339,5.255,11.7294,106.86,1.4672,0.5492,95.1171
7,169.1269,1.3004,31.4643,5.9207,62.6262,131.52,1.5594,0.5887,158.5286
7,193.7341,1.4331,35.4563,7.0471,60.5415,123.3,1.3672,0.6445,93.9429
7,272.8493,1.2273,43.6031,7.6977,61.4555,106.86,1.575,0.5286,170.2714
7,231.3604,1.137,44.3799,8.2186,61.4555,106.86,1.5208,0.5715,97.4657
7,247.9323,1.0104,33.7347,7.0015,62.6262,131.52,1.452,0.6071,84.5486
7,181.6343,1.0129,28.2966,4.9844,57.8413,106.86,1.4827,0.3987,97.4657
7,232.2744,1.0728,26.8756,5.3099,35.3044,312.36,1.4266,0.5,95.1171
7,265.3124,1.1949,32.5536,3.1563,6.8019,82.2,1.5729,0.5391,124.4743
7,283.4379,0.8883,40.076,6.0774,61.4555,106.86,1.5516,0.4663,159.7029
7,350.9538,1.2727,54.2543,7.4595,57.8413,106.86,1.4384,0.6295,142.0886
7,244.8296,0.948,34.2237,4.2749,26.1889,73.98,1.4613,0.5154,104.5114
7,195.506,0.9362,34.327,5.2713,26.1889,73.98,1.5125,0.3744,82.2
7,271.0631,1.1058,40.1558,5.6152,35.3044,312.36,1.4133,0.4093,165.5743
7,192.072,1.1795,27.6773,5.2506,61.4555,106.86,1.5331,0.6312,150.3086
7,274.1986,0.9895,34.6832,3.6577,16.2015,41.1,1.4494,0.4801,100.9886
7,270.7082,1.2792,39.8902,3.8751,6.8019,82.2,1.4825,0.6485,125.6486
7,213.751,1.1857,33.2567,6.3388,61.4555,106.86,1.5625,0.6187,130.3457
7,188.1911,1.0933,31.8784,4.7715,26.1889,73.98,1.4515,0.4705,89.2457
7,133.689,1.0856,27.9214,5.5205,62.6262,131.52,1.4351,0.4196,100.9886
7,280.4206,1.1849,38.7152,6.1458,61.4555,106.86,1.3755,0.6195,132.6943
7,247.0327,0.8378,40.0278,6.5422,61.4555,106.86,1.4025,0.4737,123.3
7,237.1458,1.0935,36.524,6.5875,35.3044,312.36,1.4965,0.4948,91.5943
7,209.1076,1.2246,38.7657,7.3528,61.4555,106.86,1.5308,0.4544,86.8971
7,301.0564,1.138,44.336,7.8312,61.4555,106.86,1.3804,0.5321,89.2457
7,339.082,0.9733,53.3176,7.7049,35.3044,312.36,1.6755,0.531,98.64
7,303.1737,1.0489,48.0487,8.7977,62.6262,131.52,1.504,0.5013,98.64
7,248.5622,1.2765,31.3293,5.9363,57.8413,106.86,1.5108,0.7171,122.1257
7,178.8106,0.9867,36.6456,6.2163,61.4555,106.86,1.4781,0.4107,112.7314
7,272.9919,1.2145,43.9187,7.69,60.5415,123.3,1.6019,0.5601,170.2714
7,369.7439,1.1229,53.3609,5.8981,26.1889,73.98,1.5144,0.4387,167.9229
7,284.3696,1.1245,41.1474,7.776,62.6262,131.52,1.4807,0.5555,92.7686
7,284.9574,0.9689,38.4071,4.7489,11.7294,106.86,1.5354,0.5201,103.3371
7,124.7448,1.0519,27.463,3.981,11.7294,106.86,1.3938,0.4923,119.7771
7,304.8996,1.0876,44.5589,7.7012,57.8413,106.86,1.5389,0.5953,104.5114
7,298.6876,1.0649,42.9352,5.3627,26.1889,73.98,1.5572,0.3749,127.9971
7,262.2317,0.8836,47.9931,8.548,61.4555,106.86,1.4045,0.3905,91.5943
7,181.9605,1.394,32.9574,4.0284,16.2015,41.1,1.4592,0.5887,84.5486
7,257.1713,0.9327,34.7001,6.6283,35.3044,312.36,1.6459,0.4052,100.9886
7,240.76,1.1667,38.5876,7.3174,61.4555,106.86,1.5261,0.6751,91.5943
7,260.7586,0.9347,38.4998,4.533,26.1889,73.98,1.4865,0.415,136.2171
7,224.3213,1.1937,34.182,6.7666,60.5415,123.3,1.5884,0.5132,127.9971
7,209.9942,0.9307,34.1329,6.1444,62.6262,131.52,1.4354,0.4103,130.3457
7,189.1328,1.1031,26.4364,5.8321,62.6262,131.52,1.4803,0.5799,77.5029
7,248.9429,1.0066,37.4027,6.8343,35.3044,312.36,1.5947,0.4698,99.8143
7,204.1154,0.9995,40.3871,5.8318,26.1889,73.98,1.4614,0.3545,103.3371
7,249.7329,1.0339,42.0094,7.2893,60.5415,123.3,1.3485,0.5625,125.6486
7,185.8314,0.9869,35.1291,6.9106,57.8413,106.86,1.4835,0.5663,90.42
7,351.0779,1.2694,58.5964,4.9227,16.2015,41.1,1.3904,0.6461,203.1514
7,284.0208,1.2475,47.5767,8.1268,60.5415,123.3,1.4542,0.5755,152.6571
7,283.1629,1.2565,51.3431,8.4888,57.8413,106.86,1.3869,0.6001,162.0514
7,292.8275,1.0617,49.0788,8.6756,57.8413,106.86,1.5196,0.535,98.64
7,320.7748,1.0096,48.5661,7.3389,35.3044,312.36,1.4257,0.5967,129.1714
7,279.8975,1.1207,42.8656,7.6708,35.3044,312.36,1.451,0.4069,102.1629
7,245.5449,1.1064,38.387,7.4251,57.8413,106.86,1.3113,0.5062,95.1171
7,254.9445,1.185,38.6961,7.3177,61.4555,106.86,1.417,0.4906,89.2457
7,253.5863,0.9727,45.0894,5.3244,26.1889,73.98,1.6012,0.5334,143.2629
7,110.5694,1.1792,30.9882,5.8794,60.5415,123.3,1.5104,0.613,84.5486
7,252.273,1.1912,36.3897,6.1541,35.3044,312.36,1.6112,0.5084,139.74
7,350.5989,1.1065,55.3248,9.2625,62.6262,131.52,1.4788,0.4386,102.1629
7,225.2439,1.2329,30.0972,3.9062,16.2015,41.1,1.4504,0.5079,98.64
7,210.3204,0.9652,35.7641,4.1997,16.2015,41.1,1.3437,0.5931,117.4286
7,178.2037,1.2207,28.7067,5.9126,61.4555,106.86,1.4367,0.5886,84.5486
7,281.9822,1.1889,41.8148,5.0584,26.1889,73.98,1.4058,0.6321,103.3371
7,317.7905,1.2395,50.6345,5.4407,26.1889,73.98,1.4211,0.5016,166.7486
7,169.2595,1.4926,33.1336,6.3423,60.5415,123.3,1.5348,0.6912,103.3371
7,194.7158,1.3156,36.0619,6.4758,60.5415,123.3,1.4952,0.5368,109.2086
7,312.5227,1.1276,53.9951,5.7759,26.1889,73.98,1.4817,0.4875,106.86
7,264.3911,1.2117,37.3916,6.8683,61.4555,106.86,1.5199,0.5054,127.9971
7,198.3447,1.217,35.1466,5.9541,61.4555,106.86,1.55,0.5542,182.0143
7,189.5133,1.035,34.372,6.1021,35.3044,312.36,1.619,0.4588,108.0343
7,258.1999,1.0636,36.6791,4.42,11.7294,106.86,1.3835,0.6202,93.9429
7,337.0163,1.166,46.9691,5.1482,26.1889,73.98,1.4623,0.5482,137.3914
7,242.0733,1.1644,36.9061,7.0792,62.6262,131.52,1.5669,0.5508,95.1171
7,348.4698,1.2415,45.889,3.605,6.8019,82.2,1.4219,0.5483,135.0429
7,250.6048,1.0938,40.8685,7.5574,60.5415,123.3,1.3314,0.5974,96.2914
7,338.8396,1.1778,48.0882,4.2538,6.8019,82.2,1.3657,0.5363,109.2086
7,264.6478,1.0595,47.4791,8.0235,60.5415,123.3,1.5783,0.5673,133.8686
7,262.5445,1.1739,43.01,7.925,60.5415,123.3,1.4009,0.6173,104.5114
7,266.1447,1.2162,44.2082,7.5012,35.3044,312.36,1.5106,0.5567,124.4743
7,237.6422,1.1933,37.9547,7.1313,61.4555,106.86,1.4718,0.5019,91.5943
7,107.1944,1.1873,24.719,3.9763,26.1889,73.98,1.3679,0.5287,89.2457
7,251.1977,1.1404,40.0798,4.5993,16.2015,41.1,1.5386,0.5608,144.4371
7,261.0613,0.8457,44.0791,8.039,57.8413,106.86,1.3146,0.421,124.4743
7,286.1055,1.2806,46.7591,5.1922,11.7294,106.86,1.4217,0.4831,153.8314
7,237.6331,1.0368,34.7471,4.8877,26.1889,73.98,1.4623,0.3877,129.1714
7,266.7411,1.1067,35.6719,7.0913,61.4555,106.86,1.5462,0.4371,108.0343
7,229.6883,1.2385,34.5529,7.107,60.5415,123.3,1.3926,0.5736,98.64
7,288.9566,1.0589,41.4769,4.648,16.2015,41.1,1.4434,0.4957,92.7686
7,281.3432,1.0081,41.1868,4.2322,6.8019,82.2,1.5921,0.4587,103.3371
7,317.4734,0.8987,46.2209,4.1139,11.7294,106.86,1.4397,0.3945,142.0886
7,253.8326,1.1361,30.8831,4.3876,26.1889,73.98,1.504,0.4915,88.0714
7,325.3618,0.9861,46.3891,4.0836,6.8019,82.2,1.5193,0.4522,129.1714
7,249.6682,1.0714,38.6229,6.8488,60.5415,123.3,1.6543,0.6448,145.6114
7,343.009,1.0605,47.2269,6.8541,61.4555,106.86,1.6187,0.4171,111.5571
7,170.4104,1.0502,27.8625,5.2716,35.3044,312.36,1.5146,0.5006,69.2829
7,309.2579,1.0674,43.5403,3.6871,6.8019,82.2,1.4297,0.4821,125.6486
7,247.6396,1.0951,39.2289,6.7736,35.3044,312.36,1.5143,0.4943,151.4829
7,179.9722,1.0443,29.4635,5.7651,35.3044,312.36,1.5105,0.4294,153.8314
7,302.0856,0.8892,51.1263,8.829,62.6262,131.52,1.5344,0.3911,132.6943
7,132.8222,0.8462,27.0459,4.3634,26.1889,73.98,1.4002,0.475,95.1171
7,180.5404,1.0557,36.1253,6.8404,62.6262,131.52,1.36,0.4827,73.98
7,236.1453,1.0784,32.8889,4.7068,26.1889,73.98,1.4935,0.5172,100.9886
7,198.6616,1.0851,33.7249,6.6257,57.8413,106.86,1.401,0.4762,97.4657
7,341.4981,1.1233,42.162,5.6419,35.3044,312.36,1.4948,0.5188,140.9143
7,169.6811,0.8616,25.9712,4.0233,26.1889,73.98,1.5438,0.4024,98.64
7,180.2563,1.1427,33.8683,4.6954,11.7294,106.86,1.3956,0.4195,113.9057
7,284.636,1.0842,40.8648,7.4359,60.5415,123.3,1.5302,0.5216,117.4286
7,293.7515,0.8283,43.5941,4.1577,6.8019,82.2,1.5939,0.4945,151.4829
7,264.2929,1.2092,41.4923,7.6171,60.5415,123.3,1.4395,0.4291,93.9429
7,125.0289,0.888,28.8615,4.2917,16.2015,41.1,1.5421,0.519,79.8514
7,232.2561,0.9475,39.774,5.3894,26.1889,73.98,1.6012,0.4784,103.3371
7,306.0803,1.0316,49.5814,8.211,62.6262,131.52,1.526,0.417,163.2257
7,337.4937,0.9074,50.4509,5.582,26.1889,73.98,1.6553,0.4411,97.4657
7,224.4958,0.6616,37.8961,6.8102,57.8413,106.86,1.5813,0.387,152.6571
7,251.359,0.9913,37.8278,3.8619,6.8019,82.2,1.5088,0.3945,142.0886
7,179.3984,0.873,35.0482,6.4397,62.6262,131.52,1.4958,0.386,123.3
7,173.7316,1.1652,33.8381,4.1873,6.8019,82.2,1.4991,0.5967,93.9429
7,298.2523,0.8395,51.1089,8.437,62.6262,131.52,1.6193,0.3933,194.9314
7,396.1517,0.8454,62.6025,5.4041,16.2015,41.1,1.4104,0.4056,144.4371
7,256.5328,0.8907,38.2419,7.1297,35.3044,312.36,1.6636,0.5426,90.42
7,330.4455,1.0412,48.139,7.9604,60.5415,123.3,1.5808,0.4428,165.5743
7,266.7325,1.0798,39.3877,7.053,61.4555,106.86,1.5813,0.4977,135.0429
7,257.8837,1.3408,33.8177,2.6994,6.8019,82.2,1.5011,0.5245,162.0514
7,264.6612,1.0744,34.0577,6.2188,35.3044,312.36,1.5122,0.4369,108.0343
7,359.2968,1.3074,48.0874,3.3328,6.8019,82.2,1.3624,0.5475,138.5657
7,235.2313,1.1498,36.1083,4.2598,6.8019,82.2,1.4085,0.5221,103.3371
7,218.6728,1.1708,33.1404,6.3676,35.3044,312.36,1.478,0.5638,90.42
7,315.2879,1.0035,49.1751,7.6556,35.3044,312.36,1.5399,0.4857,131.52
7,373.4907,1.199,52.1849,4.3382,11.7294,106.86,1.3049,0.4764,112.7314
7,284.5122,1.2056,43.4279,5.0566,11.7294,106.86,1.3769,0.6111,92.7686
7,271.2057,1.4167,45.9454,4.069,16.2015,41.1,1.4323,0.6917,165.5743
7,193.251,1.2002,36.766,4.5293,16.2015,41.1,1.3672,0.3836,90.42
7,333.4392,0.9837,54.1814,4.375,6.8019,82.2,1.4037,0.5266,104.5114
7,250.9136,1.244,46.3721,7.703,61.4555,106.86,1.4135,0.5869,184.3629
7,188.798,1.2382,37.8614,6.9343,57.8413,106.86,1.4809,0.5814,117.4286
7,258.3047,1.0629,43.207,7.8486,60.5415,123.3,1.4107,0.4798,78.6771
7,215.9632,1.1018,40.9008,7.4661,61.4555,106.86,1.4904,0.5321,111.5571
7,335.3913,1.1526,53.7547,4.7984,16.2015,41.1,1.4517,0.6077,160.8771
7,268.8358,1.0181,45.2638,7.3751,35.3044,312.36,1.4083,0.6083,164.4
7,351.5129,0.874,61.7782,10.2151,61.4555,106.86,1.5392,0.5413,99.8143
7,168.6294,0.877,36.4219,6.83,57.8413,106.86,1.604,0.5565,118.6029
7,188.1911,0.8965,36.6218,7.1365,57.8413,106.86,1.5663,0.3936,89.2457
7,338.4077,0.8773,54.4211,9.3652,60.5415,123.3,1.4645,0.3676,95.1171
7,297.1998,1.2088,43.6618,8.1297,57.8413,106.86,1.5874,0.4752,99.8143
7,192.072,1.2624,34.8482,6.088,57.8413,106.86,1.5409,0.6,150.3086
7,239.0979,1.1078,36.5678,6.9027,57.8413,106.86,1.6021,0.4716,147.96
7,215.807,1.1976,35.4445,4.9596,11.7294,106.86,1.4438,0.4873,78.6771
7,328.1041,1.0713,48.1241,7.7661,35.3044,312.36,1.6212,0.5792,158.5286
7,284.9574,1.0833,39.8556,6.7531,35.3044,312.36,1.6592,0.5761,103.3371
7,155.0839,0.9005,28.6126,5.6324,60.5415,123.3,1.622,0.5416,120.9514
7,218.0716,0.9051,33.3232,6.6927,62.6262,131.52,1.5344,0.3942,105.6857
7,232.7147,0.9262,30.9046,4.0163,11.7294,106.86,1.5009,0.5313,88.0714
7,261.5927,1.0747,37.4588,6.8967,60.5415,123.3,1.6022,0.5583,91.5943
7,319.3014,0.969,41.7972,4.0455,16.2015,41.1,1.4365,0.4352,137.3914
7,286.4133,1.0255,41.774,7.4517,62.6262,131.52,1.5209,0.4328,106.86
7,291.6568,0.947,44.0948,6.9981,57.8413,106.86,1.6333,0.402,95.1171
7,225.3865,1.0153,34.0913,6.4725,35.3044,312.36,1.5032,0.546,98.64
7,318.0746,1.1084,52.4001,8.3951,62.6262,131.52,1.4822,0.5454,126.8229
7,261.6726,0.9262,39.899,4.8484,26.1889,73.98,1.3811,0.5144,133.8686
7,184.4443,1.2105,32.4621,5.791,61.4555,106.86,1.5163,0.6338,144.4371
7,250.1596,1.0481,39.3707,5.0007,16.2015,41.1,1.3776,0.4759,85.7229
7,243.9833,0.9925,46.496,4.8923,16.2015,41.1,1.5402,0.6016,124.4743
7,227.3386,1.1929,41.9214,7.3452,60.5415,123.3,1.4097,0.5741,155.0057
7,200.1494,1.0557,40.4504,6.5159,61.4555,106.86,1.3693,0.416,125.6486
7,278.3863,1.0537,37.4379,7.1668,57.8413,106.86,1.5757,0.4259,95.1171
7,252.8598,0.8064,40.486,7.1501,57.8413,106.86,1.4172,0.4519,88.0714
7,300.8728,1.0261,35.9979,3.8427,16.2015,41.1,1.4787,0.3939,102.1629
7,317.0415,1.019,40.9818,4.3467,16.2015,41.1,1.5207,0.3376,127.9971
7,259.2751,0.9205,41.348,6.8024,60.5415,123.3,1.4059,0.5083,119.7771
7,320.4721,1.0105,47.905,4.6932,16.2015,41.1,1.4599,0.4686,140.9143
7,292.5434,0.9764,37.7258,6.9262,62.6262,131.52,1.5348,0.4951,138.5657
7,285.1,0.9583,32.0523,3.5363,16.2015,41.1,1.4826,0.407,103.3371
7,246.4028,0.7768,37.3342,7.1088,35.3044,312.36,1.5293,0.3627,85.7229
7,328.2367,0.88,37.6149,3.4251,16.2015,41.1,1.5475,0.5782,103.3371
7,183.2636,0.9641,32.0923,6.4643,57.8413,106.86,1.4296,0.465,85.7229
7,291.0556,1.1406,33.7545,3.874,16.2015,41.1,1.3999,0.4772,110.3829
7,192.3791,1.0427,29.1258,3.3884,16.2015,41.1,1.5478,0.5483,119.7771
7,278.6908,1.4262,35.1407,3.8291,16.2015,41.1,1.5334,0.7804,171.4457
7,346.3104,1.0718,39.1429,7.0785,61.4555,106.86,1.5701,0.5319,98.64
7,287.9011,1.0698,41.2509,7.6438,62.6262,131.52,1.411,0.4246,135.0429
7,230.8781,0.8562,35.4904,6.632,61.4555,106.86,1.6281,0.3267,119.7771
7,390.2916,0.8208,46.7987,7.3693,35.3044,312.36,1.718,0.4081,115.08
7,428.2584,0.901,61.2603,7.2601,57.8413,106.86,1.5569,0.3881,122.1257
7,219.995,0.5904,36.4738,4.0276,6.8019,82.2,1.5192,0.4452,109.2086
7,209.1076,1.1394,24.6757,5.1924,61.4555,106.86,1.4563,0.6309,86.8971
7,222.1444,1.0033,27.4023,3.4289,11.7294,106.86,1.5179,0.5347,90.42
7,237.7757,1.0049,29.8451,3.7398,16.2015,41.1,1.3454,0.4485,129.1714
7,355.7387,0.8883,44.5019,4.2535,26.1889,73.98,1.3131,0.4843,145.6114
7,203.7215,0.8596,30.5797,6.2343,62.6262,131.52,1.5073,0.485,98.64
7,265.5057,1.1435,39.4655,7.7194,62.6262,131.52,1.5733,0.5961,124.4743
7,282.726,1.2252,40.9693,7.9628,62.6262,131.52,1.5022,0.6217,88.0714
7,198.6616,1.034,27.101,6.1292,57.8413,106.86,1.6162,0.6058,97.4657
7,182.9986,0.8266,30.6311,4.2905,26.1889,73.98,1.3656,0.4698,143.2629
7,225.064,1.0788,32.908,6.3846,61.4555,106.86,1.468,0.4171,72.8057
7,190.8913,1.0619,32.3539,6.6109,61.4555,106.86,1.5158,0.4392,91.5943
7,334.0597,0.97,47.9875,6.3734,57.8413,106.86,1.6111,0.4758,165.5743
7,309.2579,0.7608,48.9661,8.6779,61.4555,106.86,1.5178,0.329,125.6486
7,300.8728,0.9091,39.3571,7.3693,60.5415,123.3,1.3812,0.4637,102.1629
7,309.0152,0.9229,40.288,6.5655,61.4555,106.86,1.4273,0.5212,99.8143
7,372.9993,0.9409,52.0408,4.3156,6.8019,82.2,1.4633,0.5623,172.62
7,288.5069,1.0338,39.293,6.802,61.4555,106.86,1.4488,0.4209,123.3
7,293.7415,0.6439,45.8701,8.4334,60.5415,123.3,1.4792,0.2429,96.2914
7,212.7806,0.9774,31.7065,3.2559,16.2015,41.1,1.5029,0.4678,89.2457
7,142.0792,0.6522,25.6903,3.3101,6.8019,82.2,1.399,0.4199,89.2457
7,276.99,1.0342,38.4703,4.4762,11.7294,106.86,1.3974,0.4072,119.7771
7,177.1571,0.9739,21.1858,2.6101,16.2015,41.1,1.6268,0.4584,142.0886
7,176.119,0.8736,30.4223,6.441,57.8413,106.86,1.4557,0.398,83.3743
7,294.7707,0.87,47.8309,7.2016,57.8413,106.86,1.4073,0.4666,139.74
7,198.0359,0.9582,25.6488,3.6058,26.1889,73.98,1.3837,0.551,93.9429
7,356.5966,1.1744,42.6592,7.5277,57.8413,106.86,1.456,0.6345,136.2171
7,328.4069,0.8351,47.1685,8.1994,60.5415,123.3,1.3616,0.38,116.2543
7,195.8188,0.6357,30.7193,4.5683,26.1889,73.98,1.6088,0.3955,95.1171
7,320.4721,0.8986,36.0455,6.4817,35.3044,312.36,1.5821,0.497,140.9143
7,272.7252,0.7827,34.3588,3.2752,16.2015,41.1,1.3932,0.4091,109.2086
7,295.235,0.8418,45.0313,5.364,26.1889,73.98,1.568,0.3217,167.9229
7,144.1825,0.876,22.685,3.1475,11.7294,106.86,1.4833,0.4329,118.6029
7,226.406,1.1805,28.2304,5.2914,62.6262,131.52,1.4718,0.6919,129.1714
7,351.9919,0.8232,46.4523,3.5074,6.8019,82.2,1.4613,0.3593,200.8029
7,165.0664,0.8632,21.4507,3.1272,16.2015,41.1,1.4025,0.3715,108.0343
7,292.5434,1.0152,38.9578,4.0218,11.7294,106.86,1.3635,0.5545,138.5657
7,235.8242,0.9265,30.5365,3.5039,11.7294,106.86,1.6427,0.4872,151.4829
7,265.3642,0.8013,35.0736,6.2184,35.3044,312.36,1.4874,0.375,164.4
7,145.836,1.113,21.9636,3.8079,26.1889,73.98,1.403,0.702,89.2457
7,280.7554,0.9225,31.7248,2.6672,6.8019,82.2,1.5121,0.2956,92.7686
7,243.8407,0.9859,36.4152,3.9832,16.2015,41.1,1.5053,0.4385,124.4743
7,261.6491,1.0904,42.0375,7.7369,57.8413,106.86,1.4693,0.5778,135.0429
7,231.7686,1.148,27.9037,3.1723,16.2015,41.1,1.428,0.4451,118.6029
7,238.0598,0.8851,30.6497,5.9986,35.3044,312.36,1.4245,0.4208,89.2457
7,320.1593,1.2792,37.4932,6.2954,61.4555,106.86,1.4769,0.6597,127.9971
7,219.1371,0.9124,27.6804,3.5243,6.8019,82.2,1.4942,0.4164,118.6029
7,236.2879,1.0227,29.7189,5.2254,35.3044,312.36,1.5956,0.5846,100.9886
7,272.2698,1.0286,27.6672,3.339,11.7294,106.86,1.4526,0.5289,96.2914
7,248.5622,1.1188,30.7498,3.1149,6.8019,82.2,1.5187,0.6051,122.1257
7,325.0954,1.0261,49.6483,8.8009,62.6262,131.52,1.7042,0.574,104.5114
7,381.6551,0.8865,57.8965,4.9864,16.2015,41.1,1.4697,0.3532,182.0143
7,292.5708,0.8246,42.5366,4.7465,11.7294,106.86,1.5139,0.3471,92.7686
7,393.4515,0.9262,53.0067,8.6707,62.6262,131.52,1.4164,0.3938,142.0886
7,223.6092,0.8538,35.9763,4.5231,16.2015,41.1,1.5002,0.4325,109.2086
7,243.8828,0.9081,39.8529,6.9029,60.5415,123.3,1.6459,0.4174,151.4829
7,263.1183,0.8458,39.9588,3.5156,6.8019,82.2,1.533,0.3097,135.0429
7,352.4272,1.0122,50.3709,8.7197,60.5415,123.3,1.3886,0.433,133.8686
7,309.2719,0.886,39.7124,6.8111,35.3044,312.36,1.4653,0.4951,105.6857
7,204.6776,1.1393,26.4435,5.178,57.8413,106.86,1.4459,0.6867,123.3
7,181.9605,1.2762,25.0483,4.0697,26.1889,73.98,1.3881,0.563,84.5486
7,217.4329,0.9353,32.0016,3.415,16.2015,41.1,1.6043,0.5749,147.96
7,124.2894,1.0718,19.8235,4.509,61.4555,106.86,1.4208,0.4866,106.86
7,317.417,0.9208,48.3489,8.2851,62.6262,131.52,1.3678,0.5309,98.64
7,196.5441,1.0399,29.1769,3.6404,6.8019,82.2,1.3855,0.564,140.9143
7,332.7649,1.085,34.7976,4.7149,26.1889,73.98,1.4357,0.4758,100.9886
7,295.235,0.8566,41.088,6.4865,57.8413,106.86,1.4446,0.3588,167.9229
7,248.3877,1.1074,26.9661,3.8979,26.1889,73.98,1.4884,0.5095,97.4657
7,314.7001,1.0919,42.1268,6.7978,57.8413,106.86,1.4983,0.5522,120.9514
7,170.5817,0.9095,24.0393,4.5099,61.4555,106.86,1.5847,0.4614,122.1257
7,244.0254,1.048,27.7266,3.1787,11.7294,106.86,1.4278,0.6022,151.4829
7,246.4315,1.0093,35.6127,6.4847,62.6262,131.52,1.427,0.5414,138.5657
7,221.4796,1.0086,29.9462,5.7257,62.6262,131.52,1.4646,0.4468,165.5743
7,290.4401,0.857,40.3872,5.3224,26.1889,73.98,1.3666,0.4369,109.2086
7,344.1983,1.0751,46.47,6.6921,35.3044,312.36,1.4807,0.4662,143.2629
7,237.1458,0.7567,37.7274,4.5287,16.2015,41.1,1.4343,0.3911,91.5943
7,281.9822,0.9796,37.4198,4.9949,26.1889,73.98,1.4981,0.4555,103.3371
7,267.4489,0.8319,39.5748,6.7336,35.3044,312.36,1.4321,0.3561,165.5743
7,309.589,0.9875,42.7697,4.2485,11.7294,106.86,1.6484,0.3818,130.3457
7,239.6948,1.0797,32.1083,5.7595,57.8413,106.86,1.5565,0.543,120.9514
7,251.5188,0.922,29.8174,6.2708,61.4555,106.86,1.4041,0.477,93.9429
