Concurrent task count,Total Fibonacci size,New task start time (relative),Total latency (excluding new task),New task latency,New task Fibonacci size,New task FLOPs,CPU frequency (GHz),Task start times,Task operations (FLOPs)
2,58,0.0591,1.5041,0.1128,25,0.1214,1.4126,"[0.0003, 0.0237]","[0.5142, 1.3463]"
2,60,0.0992,6.4534,5.0339,32,3.5246,1.4001,"[0.0001, 0.0464]","[0.1964, 9.2275]"
2,65,0.0851,18.7393,13.2694,34,9.2275,1.2839,"[0.0003, 0.0498]","[2.1783, 9.2275]"
2,70,0.0842,32.7982,1.613,29,0.832,1.3358,"[0.0003, 0.0285]","[14.9304, 14.9304]"
2,66,0.0943,20.0902,12.9849,35,14.9304,3.4847,"[0.0003, 0.0336]","[5.7029, 5.7029]"
2,59,0.1123,1.8273,0.9895,29,0.832,1.5847,"[0.0002, 0.0364]","[2.1783, 0.5142]"
2,65,0.0685,8.3542,0.4841,27,0.3178,1.518,"[0.0002, 0.0255]","[9.2275, 2.1783]"
2,67,0.0903,8.9354,0.2634,26,0.1964,1.4646,"[0.0002, 0.0294]","[14.9304, 3.5246]"
2,65,0.1424,9.3949,3.2984,30,1.3463,1.5029,"[0.0003, 0.0409]","[14.9304, 1.3463]"
2,53,0.1271,0.3313,3.7117,35,14.9304,1.5604,"[0.0003, 0.027]","[0.3178, 0.1964]"
2,64,0.1101,6.3951,2.1101,30,1.3463,2.8384,"[0.0002, 0.0341]","[1.3463, 9.2275]"
2,68,0.1092,26.5884,2.4541,30,1.3463,1.5505,"[0.0002, 0.0381]","[9.2275, 9.2275]"
2,63,0.0908,7.1786,3.2564,31,2.1783,1.5058,"[0.0004, 0.03]","[0.5142, 14.9304]"
2,66,0.1107,9.4219,0.2924,26,0.1964,1.3787,"[0.0003, 0.0448]","[14.9304, 2.1783]"
2,58,0.0738,3.1296,6.2265,35,14.9304,1.4351,"[0.0003, 0.0279]","[0.1214, 5.7029]"
2,55,0.0865,1.1892,4.5099,35,14.9304,1.4733,"[0.0003, 0.0256]","[0.832, 0.1964]"
2,58,0.0859,2.5482,5.5654,35,14.9304,1.4625,"[0.0003, 0.0403]","[3.5246, 0.1964]"
2,66,0.1376,8.328,0.2116,25,0.1214,1.5481,"[0.0004, 0.0415]","[9.2275, 3.5246]"
2,65,0.1864,19.5583,10.1168,33,5.7029,1.5234,"[0.0003, 0.043]","[5.7029, 3.5246]"
2,57,0.0881,1.7444,0.5797,27,0.3178,1.3938,"[0.0003, 0.0324]","[0.5142, 0.832]"
2,64,0.112,7.527,2.5334,30,1.3463,1.5963,"[0.0002, 0.041]","[14.9304, 0.832]"
2,58,0.0608,3.8914,6.2573,35,14.9304,1.5228,"[0.0003, 0.0355]","[2.1783, 0.3178]"
2,61,0.1158,9.3045,9.2705,34,9.2275,1.3732,"[0.0003, 0.0297]","[5.7029, 0.5142]"
2,60,0.0569,5.3462,1.888,30,1.3463,1.5277,"[0.0003, 0.0265]","[0.1214, 14.9304]"
2,67,0.082,17.4816,0.413,25,0.1214,1.4907,"[0.0002, 0.0211]","[5.7029, 9.2275]"
2,65,0.0983,10.6486,0.9338,28,0.5142,1.4565,"[0.0003, 0.0426]","[5.7029, 3.5246]"
2,62,0.1188,3.3961,0.8732,28,0.5142,1.4084,"[0.0003, 0.0428]","[0.832, 5.7029]"
2,62,0.0745,4.7373,0.7824,30,1.3463,1.458,"[0.0003, 0.0341]","[0.3178, 14.9304]"
2,64,0.1061,5.9896,0.1645,25,0.1214,1.3884,"[0.0003, 0.0252]","[14.9304, 0.832]"
2,59,0.0683,2.0959,1.1807,29,0.832,1.4956,"[0.0003, 0.0181]","[0.3178, 3.5246]"
2,56,0.0875,0.553,0.0981,26,0.1964,1.4155,"[0.0003, 0.042]","[0.1964, 1.3463]"
2,70,0.0717,52.3684,28.5124,35,14.9304,1.7079,"[0.0003, 0.0262]","[14.9304, 14.9304]"
2,60,0.1113,2.0986,1.1422,28,0.5142,1.5353,"[0.0003, 0.0354]","[3.5246, 0.5142]"
2,60,0.1126,5.0234,3.6228,32,3.5246,1.525,"[0.0002, 0.0468]","[2.1783, 0.832]"
2,60,0.0604,3.8052,2.8854,33,5.7029,1.4753,"[0.0002, 0.0415]","[0.832, 2.1783]"
2,56,0.0604,3.0252,3.3844,32,3.5246,1.5233,"[0.0003, 0.0401]","[0.1214, 2.1783]"
2,52,0.0818,0.2582,1.4912,33,5.7029,1.549,"[0.0003, 0.0416]","[0.1964, 0.1964]"
2,57,0.0989,1.3697,0.7739,30,1.3463,1.5839,"[0.0002, 0.0432]","[1.3463, 0.3178]"
2,56,0.0818,1.1441,0.9422,31,2.1783,1.4157,"[0.0002, 0.0261]","[0.5142, 0.5142]"
2,58,0.0769,1.5595,0.5402,27,0.3178,1.5095,"[0.0002, 0.0455]","[2.1783, 0.3178]"
2,55,0.0682,1.0673,1.3221,32,3.5246,1.4645,"[0.0002, 0.0277]","[0.3178, 0.5142]"
2,70,0.068,50.8205,12.6987,33,5.7029,1.3794,"[0.0002, 0.0326]","[14.9304, 14.9304]"
2,67,0.0954,14.134,4.5787,33,5.7029,1.5047,"[0.0003, 0.0499]","[5.7029, 9.2275]"
2,65,0.0938,11.5805,8.9774,33,5.7029,1.5344,"[0.0003, 0.0433]","[1.3463, 14.9304]"
2,65,0.515,11.9861,2.5205,30,1.3463,1.3761,"[0.0002, 0.0268]","[3.5246, 5.7029]"
2,63,0.1127,5.0803,0.138,25,0.1214,1.5075,"[0.0003, 0.0266]","[5.7029, 1.3463]"
2,64,0.105,14.1195,10.6299,34,9.2275,1.499,"[0.0002, 0.0492]","[5.7029, 2.1783]"
2,58,0.0907,1.767,1.0032,31,2.1783,1.5048,"[0.0003, 0.0357]","[0.1964, 3.5246]"
2,64,0.1003,6.3533,1.0411,28,0.5142,1.4526,"[0.0003, 0.0445]","[9.2275, 1.3463]"
2,51,0.1095,0.1723,0.1377,28,0.5142,1.5173,"[0.0003, 0.0265]","[0.1964, 0.1214]"
2,56,0.0688,1.1857,0.4452,27,0.3178,1.4184,"[0.0002, 0.0232]","[2.1783, 0.1214]"
2,61,0.0563,4.3686,1.4075,29,0.832,1.4478,"[0.0002, 0.0316]","[0.832, 3.5246]"
2,59,0.0963,1.5385,0.1276,25,0.1214,1.5298,"[0.0003, 0.0407]","[1.3463, 0.832]"
2,58,0.0407,1.3533,0.2094,26,0.1964,1.5838,"[0.0002, 0.0252]","[0.5142, 1.3463]"
2,59,0.0976,2.4867,0.0695,25,0.1214,1.4713,"[0.0002, 0.0266]","[9.2275, 0.1214]"
2,63,0.1141,3.5152,0.1532,25,0.1214,1.5355,"[0.0003, 0.0329]","[9.2275, 0.832]"
2,65,0.0462,7.1829,0.2167,25,0.1214,1.5015,"[0.0002, 0.0208]","[14.9304, 1.3463]"
2,67,0.0902,17.8187,0.4643,27,0.3178,1.4352,"[0.0003, 0.0396]","[5.7029, 9.2275]"
2,58,0.0996,1.0775,0.3976,27,0.3178,1.5537,"[0.0003, 0.0491]","[0.3178, 2.1783]"
2,53,0.1072,0.5493,0.9392,31,2.1783,1.5715,"[0.0002, 0.0232]","[0.1214, 0.5142]"
2,65,0.0734,9.5252,4.984,32,3.5246,1.4673,"[0.0002, 0.0227]","[1.3463, 14.9304]"
2,61,0.0955,5.3819,3.1816,31,2.1783,1.5439,"[0.0003, 0.0398]","[9.2275, 0.3178]"
2,66,0.0563,9.1804,2.9542,28,0.5142,1.4617,"[0.0003, 0.0361]","[2.1783, 14.9304]"
2,58,0.0903,1.3184,0.4435,28,0.5142,1.4469,"[0.0002, 0.0447]","[0.3178, 2.1783]"
2,56,0.2236,0.7726,0.681,30,1.3463,1.5286,"[0.0002, 0.0258]","[0.832, 0.3178]"
2,54,0.0955,0.4425,0.8399,31,2.1783,1.4915,"[0.0002, 0.0354]","[0.1964, 0.5142]"
2,67,0.071,15.7969,1.6114,31,2.1783,1.6464,"[0.0002, 0.0406]","[9.2275, 5.7029]"
2,51,0.0748,0.1271,3.6477,35,14.9304,1.4115,"[0.0003, 0.0393]","[0.1214, 0.1964]"
2,58,0.0699,3.1295,3.925,33,5.7029,1.4626,"[0.0003, 0.0344]","[0.3178, 2.1783]"
2,65,0.04,10.7518,1.8703,30,1.3463,1.4416,"[0.0003, 0.0191]","[3.5246, 5.7029]"
2,60,0.0828,3.0539,2.3194,31,2.1783,1.6919,"[0.0003, 0.0271]","[0.832, 2.1783]"
2,68,0.0758,28.8145,14.7866,34,9.2275,1.5156,"[0.0002, 0.0404]","[5.7029, 14.9304]"
2,60,0.0692,4.0746,2.7158,32,3.5246,1.5189,"[0.0002, 0.0338]","[1.3463, 1.3463]"
2,55,0.0709,1.1877,4.3553,35,14.9304,1.4788,"[0.0003, 0.0254]","[0.3178, 0.5142]"
2,56,0.0962,1.5174,1.5466,32,3.5246,1.5177,"[0.0002, 0.0303]","[0.832, 0.3178]"
2,64,0.121,8.6109,5.4934,32,3.5246,1.5878,"[0.0002, 0.045]","[9.2275, 1.3463]"
2,53,0.0676,0.5548,1.0031,31,2.1783,1.4844,"[0.0003, 0.037]","[0.1214, 0.5142]"
2,64,0.1248,9.1178,5.0227,32,3.5246,1.5657,"[0.0002, 0.0335]","[0.832, 14.9304]"
2,56,0.105,0.8305,0.2393,26,0.1964,1.6284,"[0.0002, 0.0493]","[1.3463, 0.1964]"
2,63,0.0699,7.9312,4.9501,30,1.3463,1.5286,"[0.0001, 0.0394]","[2.1783, 3.5246]"
2,58,0.1165,3.0131,1.9718,30,1.3463,1.5658,"[0.0003, 0.0507]","[1.3463, 0.5142]"
2,55,0.054,2.0513,1.0916,29,0.832,1.4513,"[0.0002, 0.0236]","[0.832, 0.1964]"
2,54,0.0804,0.803,0.4528,27,0.3178,1.6145,"[0.0002, 0.0449]","[0.832, 0.1214]"
2,52,0.0892,0.2842,0.3104,29,0.832,1.5394,"[0.0002, 0.0377]","[0.1964, 0.1964]"
2,52,0.0727,0.3486,1.1357,32,3.5246,1.4971,"[0.0002, 0.0299]","[0.1214, 0.3178]"
2,52,0.0861,0.2094,0.2052,28,0.5142,1.6381,"[0.0002, 0.0393]","[0.1964, 0.1964]"
2,59,0.0988,4.5343,5.5662,35,14.9304,1.5338,"[0.0002, 0.0431]","[1.3463, 0.832]"
2,64,0.1184,7.1615,1.2574,29,0.832,1.4984,"[0.0003, 0.0474]","[3.5246, 3.5246]"
2,60,0.0727,2.4725,0.1812,26,0.1964,1.6275,"[0.0003, 0.0271]","[0.1964, 9.2275]"
2,59,0.0397,2.7253,2.2252,32,3.5246,1.4609,"[0.0003, 0.0195]","[2.1783, 0.5142]"
2,53,0.0803,0.2937,1.0,32,3.5246,1.4971,"[0.0003, 0.0484]","[0.1964, 0.3178]"
2,60,0.0868,4.6543,2.7057,31,2.1783,1.5029,"[0.0002, 0.031]","[1.3463, 1.3463]"
2,63,0.0846,13.8407,13.9656,35,14.9304,1.6937,"[0.0002, 0.0288]","[9.2275, 0.832]"
2,60,0.0794,3.262,1.2174,29,0.832,1.6028,"[0.0003, 0.0288]","[9.2275, 0.1964]"
2,62,0.0856,8.2969,5.4785,33,5.7029,1.645,"[0.0003, 0.0298]","[2.1783, 2.1783]"
2,63,0.0799,7.0455,3.1313,31,2.1783,1.5572,"[0.0002, 0.0444]","[0.5142, 14.9304]"
2,65,0.1088,7.1377,0.1484,26,0.1964,1.769,"[0.0003, 0.0278]","[9.2275, 2.1783]"
2,58,0.0673,3.552,3.865,33,5.7029,1.6263,"[0.0003, 0.0318]","[2.1783, 0.3178]"
2,64,0.0488,14.76,9.0703,34,9.2275,1.5312,"[0.0003, 0.0253]","[3.5246, 3.5246]"
2,51,0.0843,0.1455,0.5712,31,2.1783,1.5839,"[0.0003, 0.0422]","[0.1964, 0.1214]"
2,67,0.0784,13.2309,0.3476,26,0.1964,1.5158,"[0.0002, 0.0378]","[14.9304, 3.5246]"
2,65,0.0869,8.7587,3.2098,31,2.1783,1.4541,"[0.0003, 0.0437]","[1.3463, 14.9304]"
2,64,0.0617,12.7524,9.125,33,5.7029,1.4791,"[0.0004, 0.0213]","[9.2275, 1.3463]"
2,55,0.0573,0.7505,0.175,25,0.1214,1.4899,"[0.0003, 0.0218]","[1.3463, 0.1214]"
2,58,0.0624,2.0314,0.8931,28,0.5142,1.5094,"[0.0002, 0.0396]","[2.1783, 0.3178]"
2,57,0.0851,2.8622,3.074,33,5.7029,1.4281,"[0.0002, 0.0243]","[0.3178, 1.3463]"
2,52,0.117,0.2807,3.7165,35,14.9304,1.5481,"[0.0003, 0.0279]","[0.3178, 0.1214]"
2,60,0.0721,7.7839,4.8657,32,3.5246,1.5002,"[0.0003, 0.0337]","[0.1214, 14.9304]"
2,56,0.0953,1.1212,0.5432,27,0.3178,1.4042,"[0.0003, 0.0193]","[0.3178, 0.832]"
2,67,0.0748,17.1833,0.3543,26,0.1964,1.4904,"[0.0001, 0.0445]","[5.7029, 9.2275]"
2,66,0.0614,23.5948,11.4621,33,5.7029,1.4015,"[0.0002, 0.031]","[5.7029, 5.7029]"
2,62,0.0715,4.0195,0.4865,27,0.3178,1.4395,"[0.0002, 0.0311]","[9.2275, 0.5142]"
2,61,0.0882,9.8094,8.2387,33,5.7029,1.5251,"[0.0003, 0.0275]","[9.2275, 0.3178]"
2,62,0.0651,20.7584,20.0956,35,14.9304,1.4222,"[0.0003, 0.0348]","[0.3178, 14.9304]"
2,54,0.0789,1.1963,1.4172,31,2.1783,1.4482,"[0.0003, 0.0334]","[0.832, 0.1214]"
2,68,0.0963,26.1217,0.4012,27,0.3178,1.4984,"[0.0002, 0.0406]","[9.2275, 9.2275]"
2,64,0.0808,4.2747,0.089,26,0.1964,1.471,"[0.0002, 0.0302]","[2.1783, 5.7029]"
2,57,0.0936,1.2649,1.4798,32,3.5246,1.5713,"[0.0002, 0.0379]","[0.5142, 0.832]"
2,59,0.1672,2.4323,2.3768,32,3.5246,1.5669,"[0.0002, 0.0356]","[3.5246, 0.3178]"
2,65,0.0934,10.3188,0.9093,28,0.5142,1.4931,"[0.0001, 0.0376]","[3.5246, 5.7029]"
2,66,0.095,13.544,6.8743,32,3.5246,1.6278,"[0.0003, 0.0393]","[2.1783, 14.9304]"
2,55,0.0835,1.089,4.1508,35,14.9304,1.5324,"[0.0003, 0.0481]","[0.5142, 0.3178]"
2,61,0.0744,6.149,4.6016,33,5.7029,1.5711,"[0.0003, 0.0441]","[2.1783, 1.3463]"
2,62,0.0617,4.9523,2.1336,30,1.3463,1.5539,"[0.0003, 0.037]","[9.2275, 0.5142]"
2,62,0.1609,4.2005,1.3944,29,0.832,1.4197,"[0.0003, 0.0344]","[0.832, 5.7029]"
2,56,0.0711,1.4117,1.3029,31,2.1783,1.5939,"[0.0003, 0.049]","[0.5142, 0.5142]"
2,51,0.1069,0.1546,0.2103,29,0.832,1.5459,"[0.0002, 0.0359]","[0.1964, 0.1214]"
2,51,0.0386,0.3443,0.802,31,2.1783,1.504,"[0.0002, 0.0211]","[0.1214, 0.1964]"
2,51,0.0712,0.1209,1.4361,33,5.7029,1.6387,"[0.0001, 0.0353]","[0.1214, 0.1964]"
2,53,0.0573,0.5575,0.2651,26,0.1964,1.429,"[0.0002, 0.0169]","[0.5142, 0.1214]"
2,60,0.0779,2.9599,1.2544,29,0.832,1.4932,"[0.0002, 0.0424]","[0.832, 2.1783]"
2,60,0.0715,4.4518,2.2442,29,0.832,1.5529,"[0.0001, 0.0208]","[1.3463, 1.3463]"
2,58,0.0958,2.0732,0.4596,27,0.3178,1.4469,"[0.0001, 0.0451]","[5.7029, 0.1214]"
2,59,0.0681,2.1545,0.6748,28,0.5142,1.4641,"[0.0001, 0.0326]","[0.1964, 5.7029]"
2,58,0.1283,2.3427,2.4796,33,5.7029,1.5711,"[0.0001, 0.0218]","[0.832, 0.832]"
2,68,0.0931,18.0325,0.2113,25,0.1214,1.4088,"[0.0003, 0.0272]","[5.7029, 14.9304]"
2,63,0.0582,8.8713,5.275,32,3.5246,1.4009,"[0.0001, 0.0278]","[3.5246, 2.1783]"
2,63,0.0732,15.8336,13.4411,34,9.2275,1.5699,"[0.0002, 0.0378]","[14.9304, 0.5142]"
2,67,0.0961,18.7154,9.7017,33,5.7029,1.4935,"[0.0002, 0.0403]","[14.9304, 3.5246]"
2,63,0.0871,4.4773,0.0878,25,0.1214,1.4995,"[0.0003, 0.0263]","[9.2275, 0.832]"
2,65,0.0817,10.5238,0.1923,25,0.1214,1.5353,"[0.0002, 0.0362]","[5.7029, 3.5246]"
2,63,0.0614,8.9765,4.2198,31,2.1783,1.5147,"[0.0002, 0.0362]","[2.1783, 3.5246]"
2,52,0.1154,0.2191,0.088,26,0.1964,1.5209,"[0.0003, 0.0259]","[0.1964, 0.1964]"
2,53,0.0817,0.4912,0.4049,27,0.3178,1.4977,"[0.0002, 0.033]","[0.1214, 0.5142]"
2,58,0.0852,2.9121,2.172,30,1.3463,1.4438,"[0.0001, 0.0498]","[2.1783, 0.3178]"
2,55,0.1,1.2078,0.7886,29,0.832,1.5685,"[0.0002, 0.0392]","[0.5142, 0.3178]"
2,59,0.0461,5.6878,7.7869,35,14.9304,1.4303,"[0.0003, 0.0167]","[3.5246, 0.3178]"
2,58,0.0959,1.0618,0.1932,25,0.1214,1.4748,"[0.0002, 0.0401]","[0.3178, 2.1783]"
2,51,0.0823,0.1637,0.0964,26,0.1964,1.3499,"[0.0003, 0.0462]","[0.1964, 0.1214]"
2,56,0.0686,3.0075,3.8879,33,5.7029,1.4133,"[0.0003, 0.0381]","[0.1214, 2.1783]"
2,65,0.0882,10.5757,0.6489,27,0.3178,1.4086,"[0.0003, 0.0376]","[3.5246, 5.7029]"
2,61,0.0957,3.7954,0.0903,25,0.1214,1.4563,"[0.0003, 0.0502]","[0.1964, 14.9304]"
2,58,0.1639,2.1716,0.6361,28,0.5142,1.3288,"[0.0003, 0.0497]","[5.7029, 0.1214]"
2,61,0.0801,14.6274,13.0856,34,9.2275,1.472,"[0.0003, 0.0193]","[14.9304, 0.1964]"
2,70,0.0644,35.4361,5.8104,31,2.1783,1.4447,"[0.0003, 0.0432]","[14.9304, 14.9304]"
2,68,0.106,28.7022,5.4716,31,2.1783,1.3632,"[0.0003, 0.0503]","[9.2275, 9.2275]"
2,62,0.105,21.732,21.3852,35,14.9304,1.3929,"[0.0002, 0.0391]","[0.3178, 14.9304]"
2,55,0.0839,0.8158,0.3982,27,0.3178,1.3059,"[0.0003, 0.0253]","[0.1214, 1.3463]"
2,61,0.1301,6.9261,5.0871,32,3.5246,1.3845,"[0.0002, 0.0236]","[0.3178, 9.2275]"
2,51,0.0701,0.2555,2.375,34,9.2275,1.4024,"[0.0003, 0.0246]","[0.1964, 0.1214]"
2,69,0.1548,22.5684,7.1463,32,3.5246,1.6577,"[0.0002, 0.0484]","[14.9304, 9.2275]"
2,59,0.0737,2.4253,1.2335,29,0.832,1.5155,"[0.0003, 0.0281]","[0.3178, 3.5246]"
2,64,0.1041,11.5691,2.4086,30,1.3463,1.5578,"[0.0002, 0.0281]","[3.5246, 3.5246]"
2,52,0.0581,0.2225,0.2546,27,0.3178,1.5009,"[0.0003, 0.0378]","[0.1214, 0.3178]"
2,50,0.067,0.1529,0.9325,32,3.5246,1.5566,"[0.0003, 0.0218]","[0.1214, 0.1214]"
2,59,0.0909,6.6601,5.7853,34,9.2275,1.5454,"[0.0002, 0.0504]","[5.7029, 0.1964]"
2,53,0.1087,0.4171,0.5994,30,1.3463,1.5983,"[0.0003, 0.0296]","[0.1964, 0.3178]"
2,57,0.1137,1.9659,1.4796,31,2.1783,1.4448,"[0.0002, 0.0326]","[0.832, 0.5142]"
2,64,0.0802,7.1038,0.7609,28,0.5142,1.4154,"[0.0002, 0.0295]","[5.7029, 2.1783]"
2,60,0.0414,4.4222,3.2531,31,2.1783,1.501,"[0.0003, 0.0163]","[0.5142, 3.5246]"
2,67,0.1056,12.6308,0.7995,28,0.5142,1.4758,"[0.0002, 0.0347]","[3.5246, 14.9304]"
2,64,0.0931,6.1295,0.4122,26,0.1964,1.5401,"[0.0002, 0.0374]","[2.1783, 5.7029]"
2,69,0.0569,36.2894,21.7675,35,14.9304,1.4724,"[0.0003, 0.0215]","[9.2275, 14.9304]"
2,68,0.0803,28.46,16.8258,35,14.9304,1.6883,"[0.0002, 0.0492]","[9.2275, 9.2275]"
2,63,0.0859,12.0231,8.3892,33,5.7029,1.4863,"[0.0003, 0.0251]","[14.9304, 0.5142]"
2,67,0.0395,12.8561,0.1589,25,0.1214,1.4909,"[0.0003, 0.0222]","[3.5246, 14.9304]"
2,68,0.1402,19.626,2.3456,30,1.3463,1.5436,"[0.0002, 0.049]","[5.7029, 14.9304]"
2,55,0.1172,1.1904,1.0335,31,2.1783,1.5021,"[0.0003, 0.031]","[0.5142, 0.3178]"
2,62,0.0768,6.9737,4.1842,32,3.5246,1.6472,"[0.0002, 0.0413]","[2.1783, 2.1783]"
2,67,0.0539,22.5661,13.728,34,9.2275,1.4694,"[0.0002, 0.0235]","[9.2275, 5.7029]"
2,62,0.0845,4.611,0.2388,26,0.1964,1.5073,"[0.0002, 0.039]","[14.9304, 0.3178]"
2,60,0.0907,1.5772,0.1992,25,0.1214,1.5317,"[0.0003, 0.0384]","[0.5142, 3.5246]"
2,62,0.0751,4.7652,0.9631,30,1.3463,1.749,"[0.0002, 0.0407]","[0.3178, 14.9304]"
2,54,0.0595,0.9222,0.8131,29,0.832,1.7099,"[0.0002, 0.0241]","[0.5142, 0.1964]"
2,65,0.0621,20.5694,11.574,34,9.2275,1.6448,"[0.0001, 0.0367]","[5.7029, 3.5246]"
2,65,0.0963,7.0315,0.2536,26,0.1964,1.4427,"[0.0003, 0.0255]","[1.3463, 14.9304]"
2,59,0.1274,3.7484,3.0901,31,2.1783,1.5046,"[0.0002, 0.0412]","[0.3178, 3.5246]"
2,61,0.1465,2.6503,0.0963,25,0.1214,1.406,"[0.0002, 0.0401]","[0.832, 3.5246]"
2,65,0.0846,8.1835,2.0166,30,1.3463,1.4798,"[0.0002, 0.034]","[2.1783, 9.2275]"
2,61,0.1023,13.5537,13.119,34,9.2275,1.5169,"[0.0003, 0.0466]","[9.2275, 0.3178]"
2,55,0.0767,1.0362,0.8973,29,0.832,1.3377,"[0.0002, 0.0362]","[0.3178, 0.5142]"
2,54,0.0597,0.8484,1.1679,31,2.1783,1.2886,"[0.0002, 0.0243]","[0.1964, 0.5142]"
2,61,0.0961,5.3403,3.5189,31,2.1783,1.4149,"[0.0002, 0.0455]","[5.7029, 0.5142]"
2,67,0.1165,17.7437,0.2917,26,0.1964,1.3827,"[0.0003, 0.0506]","[5.7029, 9.2275]"
2,57,0.1123,0.9303,0.1544,25,0.1214,1.5167,"[0.0003, 0.0363]","[0.3178, 1.3463]"
2,55,0.0989,0.9364,0.437,28,0.5142,1.4133,"[0.0002, 0.0431]","[1.3463, 0.1214]"
2,63,0.1103,6.7586,3.7159,31,2.1783,1.3961,"[0.0002, 0.0241]","[0.832, 9.2275]"
2,64,0.1184,9.6998,6.0458,32,3.5246,1.5135,"[0.0003, 0.0323]","[1.3463, 9.2275]"
2,59,0.0817,4.1997,3.0392,31,2.1783,1.352,"[0.0003, 0.026]","[0.1964, 5.7029]"
2,64,0.091,6.4974,1.5488,29,0.832,1.4456,"[0.0003, 0.0455]","[0.832, 14.9304]"
2,56,0.0854,1.6736,1.6747,32,3.5246,1.5241,"[0.0003, 0.0195]","[0.5142, 0.5142]"
2,58,0.086,2.7887,2.0978,30,1.3463,1.4497,"[0.0002, 0.0404]","[2.1783, 0.3178]"
2,61,0.0808,3.2714,0.5037,27,0.3178,1.3977,"[0.0002, 0.0251]","[0.3178, 9.2275]"
2,61,0.0765,4.1243,0.4258,27,0.3178,1.5156,"[0.0002, 0.0411]","[0.1964, 14.9304]"
2,66,0.1279,9.4734,1.0299,28,0.5142,1.5228,"[0.0003, 0.0367]","[2.1783, 14.9304]"
2,56,0.069,0.9331,0.3232,26,0.1964,1.4997,"[0.0002, 0.0285]","[0.3178, 0.832]"
2,56,0.1063,0.9175,0.3368,28,0.5142,1.5,"[0.0002, 0.0201]","[1.3463, 0.1964]"
2,57,0.0945,2.4193,1.8455,30,1.3463,1.4752,"[0.0002, 0.0489]","[2.1783, 0.1964]"
2,60,0.117,1.8203,0.2504,28,0.5142,1.4994,"[0.0003, 0.0391]","[0.3178, 5.7029]"
2,62,0.0746,7.8301,5.15,33,5.7029,1.4772,"[0.0002, 0.0391]","[2.1783, 2.1783]"
2,57,0.0702,4.9025,4.8544,32,3.5246,1.4145,"[0.0003, 0.0348]","[3.5246, 0.1214]"
2,67,0.0519,12.9932,0.2525,25,0.1214,1.4561,"[0.0003, 0.0302]","[14.9304, 3.5246]"
2,63,0.073,8.8676,5.2546,32,3.5246,1.4265,"[0.0003, 0.0375]","[0.5142, 14.9304]"
2,59,0.228,1.449,0.1296,25,0.1214,1.6333,"[0.0003, 0.0508]","[1.3463, 0.832]"
2,66,0.128,11.334,0.0704,25,0.1214,1.473,"[0.0002, 0.0469]","[9.2275, 3.5246]"
2,60,0.0791,2.294,0.7288,28,0.5142,1.4538,"[0.0003, 0.0284]","[0.3178, 5.7029]"
2,59,0.1061,3.7148,5.0276,34,9.2275,1.4683,"[0.0002, 0.0504]","[0.5142, 2.1783]"
2,55,0.0672,1.8719,1.7918,30,1.3463,1.4915,"[0.0002, 0.0279]","[0.1214, 1.3463]"
2,64,0.1129,7.6362,0.6365,29,0.832,1.4829,"[0.0002, 0.037]","[5.7029, 2.1783]"
2,52,0.0832,0.2624,3.8732,35,14.9304,1.8373,"[0.0003, 0.0345]","[0.1214, 0.3178]"
2,66,0.0971,17.7876,4.1189,31,2.1783,1.5157,"[0.0003, 0.0414]","[5.7029, 5.7029]"
2,61,0.058,4.7836,2.1228,30,1.3463,1.5102,"[0.0002, 0.0378]","[2.1783, 1.3463]"
2,57,0.0842,1.7215,0.6456,27,0.3178,1.5792,"[0.0001, 0.0335]","[0.832, 0.5142]"
2,60,0.1035,14.5134,13.4264,35,14.9304,1.4222,"[0.0001, 0.0254]","[14.9304, 0.1214]"
2,59,0.0774,5.3748,5.0695,32,3.5246,1.5425,"[0.0003, 0.0216]","[0.3178, 3.5246]"
2,60,0.0956,3.1929,1.971,32,3.5246,1.4922,"[0.0003, 0.0348]","[0.5142, 3.5246]"
2,61,0.136,7.9089,6.6628,33,5.7029,1.5017,"[0.0002, 0.0348]","[5.7029, 0.5142]"
2,59,0.0886,1.7403,0.6219,27,0.3178,1.576,"[0.0003, 0.0431]","[0.5142, 2.1783]"
2,58,0.1343,1.7014,0.0971,25,0.1214,1.5385,"[0.0002, 0.0481]","[5.7029, 0.1214]"
2,53,0.1355,0.4556,1.654,33,5.7029,1.5198,"[0.0001, 0.0422]","[0.5142, 0.1214]"
2,66,0.1611,5.7545,0.202,25,0.1214,1.5557,"[0.0002, 0.0344]","[14.9304, 2.1783]"
2,57,0.1048,4.2356,4.7637,33,5.7029,1.4489,"[0.0002, 0.0491]","[3.5246, 0.1214]"
2,63,0.1464,7.4291,1.3932,29,0.832,1.4398,"[0.0003, 0.0298]","[2.1783, 3.5246]"
2,52,0.0785,0.2358,3.7351,35,14.9304,1.5212,"[0.0003, 0.0347]","[0.1214, 0.3178]"
2,57,0.0718,1.4498,0.1417,25,0.1214,1.4378,"[0.0003, 0.0263]","[0.5142, 0.832]"
2,63,0.1034,6.954,0.3693,26,0.1964,1.5366,"[0.0002, 0.0375]","[3.5246, 2.1783]"
2,67,0.0656,30.2003,23.9435,35,14.9304,1.5362,"[0.0003, 0.0444]","[14.9304, 3.5246]"
2,65,0.0866,5.6046,0.5004,27,0.3178,1.4813,"[0.0001, 0.0259]","[9.2275, 2.1783]"
2,55,0.108,1.3269,1.1587,31,2.1783,1.439,"[0.0003, 0.0219]","[0.5142, 0.3178]"
2,59,0.1206,2.654,0.2334,26,0.1964,1.4477,"[0.0002, 0.0497]","[9.2275, 0.1214]"
2,60,0.1048,4.9549,5.2416,34,9.2275,1.3064,"[0.0003, 0.0289]","[0.832, 2.1783]"
2,53,0.0793,0.6368,3.9614,35,14.9304,1.5043,"[0.0003, 0.0236]","[0.1964, 0.3178]"
2,53,0.1306,0.4153,3.8417,35,14.9304,1.4077,"[0.0003, 0.03]","[0.5142, 0.1214]"
2,53,0.0763,0.5864,1.7533,33,5.7029,1.4855,"[0.0003, 0.0257]","[0.1964, 0.3178]"
2,61,0.0838,3.965,0.2188,27,0.3178,1.4451,"[0.0003, 0.0394]","[0.1964, 14.9304]"
2,66,0.1291,7.4545,2.4192,30,1.3463,1.6319,"[0.0003, 0.048]","[2.1783, 14.9304]"
2,58,0.111,1.9363,1.1259,29,0.832,1.5846,"[0.0003, 0.0281]","[0.1964, 3.5246]"
2,57,0.1179,2.9558,3.0995,32,3.5246,1.426,"[0.0002, 0.0254]","[2.1783, 0.1964]"
2,54,0.0811,0.6661,0.6052,30,1.3463,1.4736,"[0.0003, 0.0399]","[0.1964, 0.5142]"
2,66,0.0669,10.9285,0.4652,27,0.3178,1.5286,"[0.0002, 0.0387]","[3.5246, 9.2275]"
2,59,0.0958,3.8591,2.709,32,3.5246,1.4784,"[0.0003, 0.037]","[0.1964, 5.7029]"
2,55,0.0546,1.2693,2.6917,34,9.2275,1.4938,"[0.0002, 0.0212]","[0.3178, 0.5142]"
2,60,0.0707,8.8906,5.8582,33,5.7029,1.447,"[0.0003, 0.0441]","[14.9304, 0.1214]"
2,67,0.0744,18.2015,14.3516,35,14.9304,1.4059,"[0.0002, 0.0375]","[14.9304, 3.5246]"
2,64,0.1017,8.7565,3.2869,30,1.3463,1.4215,"[0.0003, 0.0461]","[5.7029, 2.1783]"
2,62,0.0455,5.1152,1.0262,28,0.5142,1.6546,"[0.0003, 0.0251]","[14.9304, 0.3178]"
2,62,0.132,3.6532,0.1779,25,0.1214,1.5481,"[0.0004, 0.0459]","[5.7029, 0.832]"
2,57,0.0807,1.0911,0.1974,26,0.1964,1.6337,"[0.0004, 0.0251]","[0.1964, 2.1783]"
2,59,0.1396,1.9048,0.136,25,0.1214,1.5549,"[0.0002, 0.0381]","[5.7029, 0.1964]"
2,62,0.1598,8.4072,4.9698,32,3.5246,1.641,"[0.0003, 0.0281]","[14.9304, 0.3178]"
2,54,0.0533,1.2579,1.7506,32,3.5246,1.5453,"[0.0004, 0.0312]","[0.832, 0.1214]"
2,63,0.09,6.6067,0.4084,26,0.1964,1.5385,"[0.0003, 0.0241]","[2.1783, 3.5246]"
2,56,0.0836,2.9267,3.8341,33,5.7029,1.6261,"[0.0003, 0.0286]","[0.1214, 2.1783]"
2,58,0.0886,3.516,3.1222,31,2.1783,1.5569,"[0.0004, 0.0402]","[2.1783, 0.3178]"
2,68,0.1875,22.8977,0.4085,25,0.1214,1.4696,"[0.0004, 0.0301]","[9.2275, 9.2275]"
2,61,0.0723,6.6742,5.0971,32,3.5246,1.4891,"[0.0004, 0.0472]","[3.5246, 0.832]"
2,54,0.0572,1.0732,4.5803,35,14.9304,1.6248,"[0.0003, 0.0317]","[0.1214, 0.832]"
2,53,0.0546,0.4857,0.5381,28,0.5142,1.3981,"[0.0003, 0.0392]","[0.1214, 0.5142]"
2,53,0.0894,0.6315,1.8071,33,5.7029,1.4775,"[0.0003, 0.0336]","[0.5142, 0.1214]"
2,53,0.0796,0.5295,0.3327,27,0.3178,1.4501,"[0.0003, 0.0341]","[0.3178, 0.1964]"
2,59,0.0827,1.8371,0.3451,25,0.1214,1.4456,"[0.0003, 0.0268]","[0.5142, 2.1783]"
2,60,0.0569,6.085,4.9977,32,3.5246,1.5207,"[0.0003, 0.0164]","[0.5142, 3.5246]"
2,59,0.0885,12.2531,13.8521,35,14.9304,1.4228,"[0.0004, 0.0355]","[0.1214, 9.2275]"
2,65,0.1698,7.0564,0.4445,26,0.1964,1.4889,"[0.0005, 0.043]","[1.3463, 14.9304]"
2,61,0.0876,4.7907,0.8557,28,0.5142,1.5459,"[0.0003, 0.0372]","[14.9304, 0.1964]"
2,56,0.066,2.9459,2.6863,31,2.1783,1.4318,"[0.0003, 0.0439]","[2.1783, 0.1214]"
2,61,0.0363,8.8731,10.3386,35,14.9304,1.5154,"[0.0003, 0.0211]","[5.7029, 0.5142]"
2,59,0.1158,5.3536,5.3973,33,5.7029,1.559,"[0.0004, 0.0347]","[3.5246, 0.3178]"
2,58,0.0605,8.2331,9.0555,34,9.2275,1.5407,"[0.0003, 0.03]","[0.1214, 5.7029]"
2,50,0.0686,0.0741,0.3463,30,1.3463,1.4982,"[0.0003, 0.0382]","[0.1214, 0.1214]"
2,58,0.0957,1.6866,0.2593,26,0.1964,1.5526,"[0.0003, 0.0398]","[0.1214, 5.7029]"
2,67,0.1347,23.1955,15.3149,34,9.2275,1.4803,"[0.0003, 0.018]","[3.5246, 14.9304]"
2,56,0.0851,3.3075,3.4154,32,3.5246,1.4532,"[0.0004, 0.0394]","[2.1783, 0.1214]"
2,56,0.1153,1.4796,4.3385,35,14.9304,1.5942,"[0.0003, 0.024]","[0.5142, 0.5142]"
2,59,0.1183,2.4927,0.181,25,0.1214,1.542,"[0.0004, 0.0172]","[0.832, 1.3463]"
2,59,0.105,3.702,3.3842,33,5.7029,1.4425,"[0.0003, 0.029]","[1.3463, 0.832]"
2,57,0.1066,3.1211,4.65,34,9.2275,1.6116,"[0.0004, 0.0409]","[2.1783, 0.1964]"
2,67,0.0788,17.9021,1.5625,29,0.832,1.5393,"[0.0003, 0.0415]","[5.7029, 9.2275]"
2,62,0.1534,4.5617,1.7062,30,1.3463,1.489,"[0.0004, 0.042]","[0.5142, 9.2275]"
2,55,0.072,0.5399,0.1497,27,0.3178,1.5136,"[0.0004, 0.0365]","[0.1214, 1.3463]"
2,60,0.1056,3.4627,1.1693,29,0.832,1.5344,"[0.0002, 0.0269]","[0.1964, 9.2275]"
2,64,0.0937,6.7467,0.5796,27,0.3178,1.4418,"[0.0003, 0.038]","[2.1783, 5.7029]"
2,62,0.0944,5.7243,1.0276,27,0.3178,1.5573,"[0.0003, 0.0438]","[2.1783, 2.1783]"
2,56,0.1247,2.1144,1.8762,31,2.1783,1.5158,"[0.0003, 0.0485]","[1.3463, 0.1964]"
2,64,0.2506,13.4601,11.859,35,14.9304,1.5021,"[0.0002, 0.0372]","[5.7029, 2.1783]"
2,53,0.0914,0.618,0.2173,25,0.1214,1.5546,"[0.0004, 0.0256]","[0.3178, 0.1964]"
2,58,0.1649,3.5301,3.8452,33,5.7029,1.565,"[0.0003, 0.0431]","[2.1783, 0.3178]"
2,58,0.1165,2.7271,3.0929,33,5.7029,1.6575,"[0.0003, 0.0456]","[0.5142, 1.3463]"
2,66,0.1257,11.1611,3.7159,31,2.1783,1.5195,"[0.0003, 0.034]","[14.9304, 2.1783]"
2,60,0.1198,4.5523,5.0787,34,9.2275,1.5766,"[0.0004, 0.0371]","[2.1783, 0.832]"
2,66,0.141,10.6145,0.7613,28,0.5142,1.5188,"[0.0004, 0.0449]","[3.5246, 9.2275]"
2,56,0.0977,1.8572,1.3881,31,2.1783,1.4572,"[0.0002, 0.0217]","[0.5142, 0.5142]"
2,57,0.0836,2.0757,1.8967,30,1.3463,1.5519,"[0.0003, 0.0376]","[0.3178, 1.3463]"
2,58,0.1188,1.577,0.5694,27,0.3178,1.4435,"[0.0003, 0.0326]","[0.5142, 1.3463]"
2,58,0.0976,2.7135,2.7551,33,5.7029,1.7448,"[0.0003, 0.0319]","[0.832, 0.832]"
2,66,0.1332,11.7818,2.9099,30,1.3463,1.4925,"[0.0004, 0.037]","[14.9304, 2.1783]"
2,64,0.1336,6.1497,0.2172,26,0.1964,1.534,"[0.0004, 0.0374]","[9.2275, 1.3463]"
2,61,0.131,4.127,0.1762,25,0.1214,1.5018,"[0.0003, 0.0245]","[2.1783, 1.3463]"
2,60,0.0878,2.2635,0.6917,27,0.3178,1.5068,"[0.0004, 0.0321]","[0.5142, 3.5246]"
2,61,0.0969,7.6686,8.4597,35,14.9304,1.325,"[0.0003, 0.036]","[0.832, 3.5246]"
2,53,0.1121,0.4167,3.9078,35,14.9304,1.425,"[0.0003, 0.0462]","[0.3178, 0.1964]"
2,55,0.1613,1.0121,4.0936,35,14.9304,1.5084,"[0.0003, 0.0396]","[0.5142, 0.3178]"
2,59,0.114,3.2269,1.9428,30,1.3463,1.5046,"[0.0004, 0.0222]","[0.1964, 5.7029]"
2,52,0.1165,0.1642,3.6604,35,14.9304,1.5681,"[0.0004, 0.0439]","[0.1964, 0.1964]"
2,55,0.0509,1.7921,1.8074,30,1.3463,1.5449,"[0.0003, 0.0305]","[0.1214, 1.3463]"
2,69,0.0671,28.7188,0.198,25,0.1214,1.3701,"[0.0003, 0.0215]","[9.2275, 14.9304]"
2,59,0.1031,13.3266,14.6961,35,14.9304,1.5375,"[0.0002, 0.037]","[9.2275, 0.1214]"
2,56,0.1442,1.6979,3.0662,34,9.2275,1.6812,"[0.0003, 0.0329]","[0.832, 0.3178]"
2,57,0.0961,2.2022,1.611,31,2.1783,1.6568,"[0.0004, 0.0354]","[0.832, 0.5142]"
2,59,0.1497,1.3455,0.1727,26,0.1964,1.4923,"[0.0003, 0.0431]","[0.3178, 3.5246]"
2,65,0.0536,7.3996,0.6642,27,0.3178,1.4625,"[0.0003, 0.0305]","[14.9304, 1.3463]"
2,64,0.1011,15.1308,6.965,32,3.5246,1.4301,"[0.0004, 0.0304]","[3.5246, 3.5246]"
2,55,0.1245,1.2397,1.4559,31,2.1783,1.6574,"[0.0004, 0.0272]","[0.1964, 0.832]"
2,56,0.1382,1.7185,1.2748,29,0.832,1.6193,"[0.0002, 0.0507]","[1.3463, 0.1964]"
2,62,0.2271,4.2334,1.0319,28,0.5142,1.5992,"[0.0003, 0.0227]","[0.832, 5.7029]"
2,61,0.0811,3.3111,0.621,27,0.3178,1.5825,"[0.0003, 0.0203]","[5.7029, 0.5142]"
2,55,0.0769,2.5839,3.7607,34,9.2275,1.5173,"[0.0003, 0.0312]","[1.3463, 0.1214]"
2,56,0.1376,1.1179,0.4285,27,0.3178,1.5292,"[0.0004, 0.0362]","[1.3463, 0.1964]"
2,52,0.1068,0.2944,0.0814,25,0.1214,1.5514,"[0.0003, 0.0461]","[0.3178, 0.1214]"
2,68,0.0749,26.0795,11.6315,33,5.7029,1.5106,"[0.0002, 0.0242]","[5.7029, 14.9304]"
2,56,0.1053,1.6815,0.836,28,0.5142,1.5146,"[0.0003, 0.0292]","[0.5142, 0.5142]"
2,58,0.103,1.7572,0.165,25,0.1214,1.4516,"[0.0003, 0.0422]","[1.3463, 0.5142]"
2,56,0.129,1.3867,0.5651,28,0.5142,1.564,"[0.0002, 0.0275]","[0.3178, 0.832]"
2,60,0.1502,4.6903,2.2717,30,1.3463,1.473,"[0.0002, 0.0385]","[1.3463, 1.3463]"
2,55,0.092,1.3532,1.6553,32,3.5246,1.5293,"[0.0003, 0.026]","[0.832, 0.1964]"
2,51,0.0669,0.1354,0.1589,27,0.3178,1.58,"[0.0002, 0.0362]","[0.1214, 0.1964]"
2,63,0.0718,5.475,0.6079,27,0.3178,1.4595,"[0.0003, 0.0211]","[14.9304, 0.5142]"
2,63,0.1067,4.3111,0.0881,25,0.1214,1.3918,"[0.0004, 0.0345]","[0.832, 9.2275]"
2,61,0.071,13.9183,13.5621,34,9.2275,1.6394,"[0.0002, 0.0297]","[0.3178, 9.2275]"
2,63,0.0781,7.5913,4.0942,31,2.1783,1.6589,"[0.0002, 0.0274]","[5.7029, 1.3463]"
2,62,0.2146,8.577,7.4582,35,14.9304,1.5839,"[0.0004, 0.0498]","[2.1783, 2.1783]"
2,67,0.1153,13.9723,2.6966,30,1.3463,1.5132,"[0.0002, 0.0443]","[3.5246, 14.9304]"
2,56,0.0708,1.0322,0.1909,25,0.1214,1.5254,"[0.0004, 0.0304]","[0.3178, 0.832]"
2,54,0.107,0.551,1.2825,32,3.5246,1.4385,"[0.0003, 0.0431]","[0.1964, 0.5142]"
2,52,0.0625,0.3211,0.3051,27,0.3178,1.463,"[0.0004, 0.037]","[0.1214, 0.3178]"
2,64,0.145,11.0858,2.521,30,1.3463,1.6115,"[0.0003, 0.0283]","[3.5246, 3.5246]"
2,64,0.1674,12.7214,9.2985,33,5.7029,1.6366,"[0.0004, 0.0508]","[1.3463, 9.2275]"
2,59,0.1271,4.1395,3.4431,31,2.1783,1.5731,"[0.0003, 0.0307]","[0.3178, 3.5246]"
2,60,0.0456,3.857,0.3535,26,0.1964,1.555,"[0.0003, 0.0234]","[1.3463, 1.3463]"
2,58,0.069,4.0638,3.1003,31,2.1783,1.5367,"[0.0003, 0.024]","[0.1214, 5.7029]"
2,65,0.1322,11.4721,1.7179,29,0.832,1.4719,"[0.0004, 0.0258]","[5.7029, 3.5246]"
2,63,0.0664,7.7363,1.062,28,0.5142,1.5589,"[0.0002, 0.0484]","[3.5246, 2.1783]"
2,60,0.1565,1.8039,0.4351,27,0.3178,1.6041,"[0.0003, 0.0501]","[0.5142, 3.5246]"
2,62,0.0989,5.5157,1.9559,29,0.832,1.5216,"[0.0003, 0.0329]","[1.3463, 3.5246]"
2,54,0.102,0.4638,0.1124,25,0.1214,1.5379,"[0.0004, 0.0312]","[0.1964, 0.5142]"
2,53,0.087,0.3145,0.1308,26,0.1964,1.5604,"[0.0002, 0.0339]","[0.1214, 0.5142]"
2,64,0.1521,6.9393,0.609,26,0.1964,1.473,"[0.0002, 0.0454]","[2.1783, 5.7029]"
2,62,0.0989,3.4313,0.2865,26,0.1964,1.4596,"[0.0003, 0.023]","[0.832, 5.7029]"
2,59,0.0799,5.0514,3.2057,31,2.1783,1.4996,"[0.0003, 0.0274]","[0.1214, 9.2275]"
2,52,0.0832,0.2225,0.1963,27,0.3178,1.5859,"[0.0003, 0.0249]","[0.1214, 0.3178]"
2,68,0.2514,20.0966,1.0345,28,0.5142,1.5168,"[0.0003, 0.0279]","[5.7029, 14.9304]"
2,70,0.1708,61.7345,32.2372,35,14.9304,1.6302,"[0.0003, 0.0494]","[14.9304, 14.9304]"
2,62,0.1467,14.8612,13.1183,34,9.2275,1.5369,"[0.0004, 0.0468]","[0.3178, 14.9304]"
2,62,0.1262,3.3668,0.4908,26,0.1964,1.5727,"[0.0004, 0.04]","[0.5142, 9.2275]"
2,59,0.1266,4.3781,3.0828,31,2.1783,1.5239,"[0.0003, 0.0404]","[5.7029, 0.1964]"
2,61,0.1117,2.9309,0.3347,26,0.1964,1.6344,"[0.0003, 0.0255]","[0.832, 3.5246]"
2,67,0.1395,19.4878,10.096,33,5.7029,1.6543,"[0.0003, 0.0433]","[3.5246, 14.9304]"
2,58,0.0812,5.2806,4.5465,32,3.5246,1.5429,"[0.0003, 0.0347]","[0.1214, 5.7029]"
2,59,0.1145,3.6825,3.2267,33,5.7029,1.5636,"[0.0003, 0.0283]","[1.3463, 0.832]"
2,56,0.1772,0.9752,0.204,26,0.1964,1.5878,"[0.0002, 0.0376]","[2.1783, 0.1214]"
2,66,0.294,15.3967,9.1457,33,5.7029,1.5977,"[0.0002, 0.0454]","[14.9304, 2.1783]"
2,66,0.0818,14.1057,5.9389,32,3.5246,1.5278,"[0.0003, 0.016]","[14.9304, 2.1783]"
2,68,0.1872,22.1026,10.7353,32,3.5246,1.458,"[0.0002, 0.0384]","[5.7029, 14.9304]"
2,58,0.0824,1.7936,0.7753,28,0.5142,1.4982,"[0.0003, 0.0266]","[0.3178, 2.1783]"
2,59,0.0902,4.0332,2.9009,32,3.5246,1.5456,"[0.0002, 0.0292]","[0.832, 1.3463]"
2,61,0.1352,5.7678,3.1721,31,2.1783,1.4754,"[0.0003, 0.0286]","[9.2275, 0.3178]"
2,51,0.0681,0.1237,0.3935,30,1.3463,1.6059,"[0.0003, 0.0452]","[0.1964, 0.1214]"
2,56,0.1199,1.8004,2.2401,33,5.7029,1.6,"[0.0003, 0.0235]","[0.5142, 0.5142]"
2,65,0.0675,25.9338,22.0751,35,14.9304,1.7469,"[0.0003, 0.032]","[14.9304, 1.3463]"
2,62,0.1818,4.8206,1.8337,29,0.832,1.5757,"[0.0003, 0.05]","[3.5246, 1.3463]"
2,61,0.144,4.728,2.2173,30,1.3463,1.5751,"[0.0003, 0.0477]","[5.7029, 0.5142]"
2,58,0.0471,7.5429,7.6673,33,5.7029,1.6007,"[0.0004, 0.0169]","[5.7029, 0.1214]"
2,59,0.1128,4.1238,3.5647,32,3.5246,1.5209,"[0.0003, 0.0368]","[2.1783, 0.5142]"
2,60,0.0741,3.5391,2.1912,30,1.3463,1.569,"[0.0003, 0.0386]","[0.5142, 3.5246]"
2,51,0.0821,0.1695,1.4627,33,5.7029,1.5512,"[0.0003, 0.0359]","[0.1964, 0.1214]"
2,64,0.1989,5.9507,0.3444,26,0.1964,1.5656,"[0.0002, 0.0431]","[9.2275, 1.3463]"
2,63,0.192,7.0267,0.4598,26,0.1964,1.5883,"[0.0003, 0.0449]","[3.5246, 2.1783]"
2,55,0.1454,0.5607,0.1854,26,0.1964,1.5247,"[0.0004, 0.0404]","[0.3178, 0.5142]"
2,56,0.0942,1.0057,0.3915,27,0.3178,1.5282,"[0.0003, 0.0278]","[0.1214, 2.1783]"
2,69,0.1077,27.9117,0.261,25,0.1214,1.5593,"[0.0002, 0.0316]","[14.9304, 9.2275]"
2,63,0.059,5.0599,0.4589,27,0.3178,1.4892,"[0.0002, 0.0283]","[9.2275, 0.832]"
2,69,0.1288,47.8453,28.0408,35,14.9304,1.6442,"[0.0004, 0.0323]","[14.9304, 9.2275]"
2,66,0.0635,16.4242,0.2209,26,0.1964,1.6304,"[0.0003, 0.0404]","[5.7029, 5.7029]"
2,58,0.101,3.2859,6.164,35,14.9304,1.5848,"[0.0004, 0.0365]","[0.3178, 2.1783]"
2,64,0.1434,7.1382,1.0072,28,0.5142,1.5354,"[0.0004, 0.0369]","[2.1783, 5.7029]"
2,59,0.1193,3.6482,2.1048,30,1.3463,1.6011,"[0.0004, 0.0433]","[1.3463, 0.832]"
2,64,0.0874,6.3168,1.157,28,0.5142,1.6298,"[0.0003, 0.0374]","[9.2275, 1.3463]"
2,66,0.0851,15.7563,7.3401,32,3.5246,1.5539,"[0.0003, 0.0242]","[9.2275, 3.5246]"
2,62,0.0994,6.4615,0.7213,27,0.3178,1.6281,"[0.0003, 0.0284]","[2.1783, 2.1783]"
2,69,0.112,27.657,0.3443,27,0.3178,1.5318,"[0.0004, 0.0309]","[14.9304, 9.2275]"
2,63,0.2233,10.364,6.4729,33,5.7029,1.5262,"[0.0003, 0.0457]","[2.1783, 3.5246]"
2,58,0.1801,5.1525,4.8482,32,3.5246,1.566,"[0.0002, 0.0482]","[3.5246, 0.1964]"
2,63,0.0997,4.9253,1.4396,28,0.5142,1.5374,"[0.0002, 0.0433]","[1.3463, 5.7029]"
2,54,0.1401,0.5597,0.5358,29,0.832,1.5751,"[0.0003, 0.0451]","[0.3178, 0.3178]"
2,63,0.0766,10.772,9.1302,35,14.9304,1.5371,"[0.0004, 0.0402]","[3.5246, 2.1783]"
2,68,0.106,38.0755,19.4624,34,9.2275,1.6242,"[0.0004, 0.025]","[9.2275, 9.2275]"
2,56,0.0956,1.457,0.729,28,0.5142,1.5179,"[0.0003, 0.0297]","[2.1783, 0.1214]"
2,59,0.2551,3.6452,2.3267,30,1.3463,1.5094,"[0.0003, 0.0368]","[2.1783, 0.5142]"
2,53,0.0653,0.6562,2.5208,34,9.2275,1.3722,"[0.0002, 0.0248]","[0.1964, 0.3178]"
2,59,0.1006,3.0613,1.9701,30,1.3463,1.4507,"[0.0003, 0.0248]","[1.3463, 0.832]"
2,65,0.0527,14.6219,8.0077,32,3.5246,1.4896,"[0.0002, 0.0358]","[5.7029, 3.5246]"
2,56,0.0774,1.0057,0.5315,28,0.5142,1.3683,"[0.0003, 0.0421]","[0.5142, 0.5142]"
2,63,0.0576,6.4076,1.2607,29,0.832,1.5132,"[0.0002, 0.0316]","[3.5246, 2.1783]"
2,66,0.0782,9.0367,0.4158,27,0.3178,1.479,"[0.0003, 0.0327]","[5.7029, 5.7029]"
2,69,0.0769,17.6314,1.1338,29,0.832,1.4959,"[0.0002, 0.0211]","[9.2275, 14.9304]"
2,68,0.0932,35.2562,18.1586,34,9.2275,1.5542,"[0.0003, 0.0477]","[9.2275, 9.2275]"
2,60,0.1174,4.0353,1.2289,29,0.832,1.4532,"[0.0003, 0.0413]","[1.3463, 1.3463]"
2,65,0.0722,7.929,0.7585,26,0.1964,1.5576,"[0.0002, 0.0367]","[9.2275, 2.1783]"
2,57,0.103,1.746,1.7565,31,2.1783,1.5813,"[0.0002, 0.0472]","[2.1783, 0.1964]"
2,57,0.0888,1.3581,0.3142,26,0.1964,1.3917,"[0.0003, 0.0332]","[0.5142, 0.832]"
2,59,0.0681,3.8467,4.13,33,5.7029,1.5782,"[0.0002, 0.035]","[0.5142, 2.1783]"
2,51,0.0744,0.1808,0.9619,32,3.5246,1.5034,"[0.0003, 0.0337]","[0.1214, 0.1964]"
2,53,0.0541,0.6563,1.9394,33,5.7029,1.6442,"[0.0002, 0.0387]","[0.1214, 0.5142]"
2,59,0.0693,5.5681,4.5581,34,9.2275,1.5654,"[0.0002, 0.0288]","[0.1964, 5.7029]"
2,62,0.1766,6.1679,3.4142,31,2.1783,1.5208,"[0.0003, 0.05]","[2.1783, 2.1783]"
2,64,0.1056,11.542,8.8504,35,14.9304,1.5306,"[0.0003, 0.0447]","[3.5246, 3.5246]"
2,52,0.0383,0.3903,0.1314,25,0.1214,1.4815,"[0.0003, 0.0159]","[0.3178, 0.1214]"
2,58,0.0545,2.6671,3.6036,34,9.2275,1.5272,"[0.0002, 0.0331]","[1.3463, 0.5142]"
2,64,0.0813,5.8228,0.4111,27,0.3178,1.4501,"[0.0002, 0.0459]","[3.5246, 3.5246]"
2,57,0.0822,1.8802,1.098,29,0.832,1.5278,"[0.0003, 0.0361]","[0.1214, 3.5246]"
2,58,0.0443,3.0444,1.9807,31,2.1783,1.4125,"[0.0002, 0.019]","[0.832, 0.832]"
2,60,0.1039,3.8016,3.4587,33,5.7029,1.5741,"[0.0002, 0.0379]","[2.1783, 0.832]"
2,58,0.0942,1.8673,0.4565,27,0.3178,1.4297,"[0.0002, 0.0233]","[1.3463, 0.5142]"
2,55,0.0547,1.4686,1.5378,30,1.3463,1.4779,"[0.0001, 0.0313]","[0.1214, 1.3463]"
2,65,0.0993,16.3683,12.7469,35,14.9304,1.4021,"[0.0002, 0.0233]","[1.3463, 14.9304]"
2,64,0.1158,16.7968,13.8147,34,9.2275,1.4008,"[0.0003, 0.0499]","[1.3463, 9.2275]"
2,54,0.0832,0.8284,0.6589,28,0.5142,1.4009,"[0.0003, 0.0371]","[0.1214, 0.832]"
2,66,0.0569,12.7247,5.3483,32,3.5246,1.4812,"[0.0002, 0.0164]","[14.9304, 2.1783]"
2,63,0.0855,12.3001,10.5284,34,9.2275,1.4468,"[0.0003, 0.0298]","[5.7029, 1.3463]"
2,54,0.0876,0.6736,0.4795,28,0.5142,1.5709,"[0.0003, 0.037]","[0.3178, 0.3178]"
2,55,0.0562,0.7209,0.1944,26,0.1964,1.501,"[0.0002, 0.0156]","[1.3463, 0.1214]"
2,61,0.0522,2.9132,0.2798,26,0.1964,1.4844,"[0.0001, 0.032]","[5.7029, 0.5142]"
2,58,0.1377,3.1684,2.2527,31,2.1783,1.597,"[0.0002, 0.021]","[1.3463, 0.5142]"
2,60,0.0815,2.8885,0.9041,28,0.5142,1.4758,"[0.0002, 0.0257]","[5.7029, 0.3178]"
2,52,0.0806,0.1622,0.2888,29,0.832,1.4775,"[0.0003, 0.0296]","[0.1214, 0.3178]"
2,68,0.0742,23.3307,13.9316,33,5.7029,1.5618,"[0.0001, 0.0358]","[14.9304, 5.7029]"
2,66,0.0823,12.2328,1.1909,28,0.5142,1.5645,"[0.0003, 0.0266]","[3.5246, 9.2275]"
2,61,0.1424,4.3412,1.1109,27,0.3178,1.5329,"[0.0003, 0.0309]","[1.3463, 2.1783]"
2,64,0.0783,6.8555,2.055,29,0.832,1.5927,"[0.0003, 0.0327]","[14.9304, 0.832]"
2,54,0.0834,1.0188,1.6346,32,3.5246,1.4855,"[0.0003, 0.0449]","[0.832, 0.1214]"
2,54,0.0856,1.037,0.68,29,0.832,1.5479,"[0.0002, 0.0299]","[0.5142, 0.1964]"
2,61,0.1162,6.8197,6.6136,35,14.9304,1.5181,"[0.0002, 0.0349]","[2.1783, 1.3463]"
2,56,0.0587,1.7278,1.454,31,2.1783,1.4917,"[0.0002, 0.0183]","[0.5142, 0.5142]"
2,60,0.0796,5.8388,5.032,32,3.5246,1.6172,"[0.0003, 0.0442]","[0.3178, 5.7029]"
2,52,0.0701,0.4505,3.8837,35,14.9304,1.662,"[0.0003, 0.0347]","[0.3178, 0.1214]"
2,59,0.0564,11.7911,11.9512,34,9.2275,1.5113,"[0.0002, 0.0339]","[0.1214, 9.2275]"
2,63,0.0775,5.1833,0.6867,27,0.3178,1.5122,"[0.0003, 0.0319]","[5.7029, 1.3463]"
2,63,0.0839,9.0116,5.302,32,3.5246,1.4618,"[0.0002, 0.0324]","[14.9304, 0.5142]"
2,60,0.0668,3.7876,3.2264,31,2.1783,1.4396,"[0.0003, 0.0345]","[0.3178, 5.7029]"
2,59,0.1059,5.3014,5.6151,33,5.7029,1.5185,"[0.0003, 0.0401]","[0.3178, 3.5246]"
2,62,0.0929,4.5145,1.5054,29,0.832,1.4848,"[0.0002, 0.027]","[0.5142, 9.2275]"
2,61,0.1107,4.261,2.4317,30,1.3463,1.4341,"[0.0003, 0.0499]","[0.832, 3.5246]"
2,66,0.0581,13.819,2.7972,30,1.3463,1.3319,"[0.0002, 0.0261]","[9.2275, 3.5246]"
2,57,0.0607,0.9998,0.1615,25,0.1214,1.5166,"[0.0003, 0.0354]","[2.1783, 0.1964]"
2,61,0.0471,6.7784,6.0754,33,5.7029,1.424,"[0.0001, 0.0253]","[0.832, 3.5246]"
2,61,0.0856,3.2811,1.2103,29,0.832,1.4609,"[0.0003, 0.0452]","[0.5142, 5.7029]"
2,56,0.1101,0.6558,0.1174,25,0.1214,1.4297,"[0.0003, 0.0392]","[0.3178, 0.832]"
2,69,0.0978,32.7706,5.5409,32,3.5246,1.3747,"[0.0002, 0.042]","[14.9304, 9.2275]"
2,59,0.0548,8.2384,8.6398,34,9.2275,1.4926,"[0.0003, 0.0287]","[5.7029, 0.1964]"
2,56,0.0689,1.1632,1.5793,32,3.5246,1.6523,"[0.0003, 0.0284]","[0.3178, 0.832]"
2,60,0.064,5.376,3.8597,33,5.7029,1.5937,"[0.0003, 0.0318]","[1.3463, 1.3463]"
2,69,0.0774,28.807,2.9808,29,0.832,1.6184,"[0.0003, 0.0217]","[9.2275, 14.9304]"
2,63,0.049,4.7602,0.1467,25,0.1214,1.4315,"[0.0003, 0.0273]","[1.3463, 5.7029]"
2,52,0.0861,0.2318,0.1427,26,0.1964,1.515,"[0.0002, 0.0276]","[0.1964, 0.1964]"
2,54,0.107,1.0875,1.6801,32,3.5246,1.4549,"[0.0002, 0.0242]","[0.832, 0.1214]"
2,64,0.085,6.7589,1.18,28,0.5142,1.5282,"[0.0002, 0.0292]","[2.1783, 5.7029]"
2,62,0.0908,3.7996,0.0765,25,0.1214,1.4075,"[0.0003, 0.0504]","[3.5246, 1.3463]"
2,59,0.1164,4.1356,4.1073,32,3.5246,1.5908,"[0.0003, 0.0303]","[0.3178, 3.5246]"
2,60,0.0699,3.329,0.85,28,0.5142,1.4741,"[0.0003, 0.0243]","[9.2275, 0.1964]"
2,56,0.1343,0.6923,1.7548,33,5.7029,1.5434,"[0.0003, 0.033]","[0.3178, 0.832]"
2,62,0.0553,4.1688,0.6696,27,0.3178,1.5198,"[0.0002, 0.0343]","[9.2275, 0.5142]"
2,65,0.1827,14.529,11.1621,35,14.9304,1.5066,"[0.0003, 0.0508]","[3.5246, 5.7029]"
2,66,0.0821,19.1174,10.9984,33,5.7029,1.5325,"[0.0002, 0.0366]","[9.2275, 3.5246]"
2,68,0.1434,27.2362,2.8848,30,1.3463,1.4487,"[0.0003, 0.042]","[9.2275, 9.2275]"
2,63,0.0882,5.1742,0.8333,28,0.5142,1.4329,"[0.0003, 0.0274]","[9.2275, 0.832]"
2,65,0.0669,11.1733,1.5636,29,0.832,1.4257,"[0.0002, 0.0284]","[3.5246, 5.7029]"
2,56,0.0922,2.2315,2.0492,31,2.1783,1.4652,"[0.0003, 0.0264]","[1.3463, 0.1964]"
2,57,0.077,2.3908,1.9301,30,1.3463,1.2771,"[0.0003, 0.0215]","[1.3463, 0.3178]"
2,57,0.0663,2.4768,1.808,30,1.3463,1.4622,"[0.0002, 0.0356]","[0.1214, 3.5246]"
2,61,0.0786,3.6571,1.218,29,0.832,1.4379,"[0.0002, 0.0381]","[0.3178, 9.2275]"
2,57,0.0795,1.2733,0.7005,28,0.5142,1.4133,"[0.0003, 0.0462]","[0.1964, 2.1783]"
2,62,0.0745,3.732,0.6651,27,0.3178,1.4329,"[0.0002, 0.0441]","[0.832, 5.7029]"
2,66,0.1026,9.028,2.5977,32,3.5246,1.6554,"[0.0003, 0.0419]","[2.1783, 14.9304]"
2,63,0.0983,9.71,7.6278,34,9.2275,1.5874,"[0.0003, 0.0375]","[1.3463, 5.7029]"
2,63,0.0735,4.8721,0.303,26,0.1964,1.4903,"[0.0003, 0.0331]","[5.7029, 1.3463]"
2,58,0.1038,2.8966,5.0,35,14.9304,1.5822,"[0.0002, 0.0379]","[0.832, 0.832]"
2,57,0.1007,1.9803,0.7083,27,0.3178,1.6426,"[0.0002, 0.0349]","[0.832, 0.5142]"
2,55,0.0845,0.9869,0.721,28,0.5142,1.5243,"[0.0002, 0.0287]","[0.3178, 0.5142]"
2,63,0.1153,12.2329,9.3113,35,14.9304,1.4537,"[0.0002, 0.0494]","[2.1783, 3.5246]"
2,55,0.0991,0.8141,4.0325,35,14.9304,1.5348,"[0.0002, 0.0269]","[0.3178, 0.5142]"
2,52,0.0517,0.3707,2.5411,34,9.2275,1.521,"[0.0002, 0.0365]","[0.1214, 0.3178]"
2,62,0.0669,4.4505,0.1985,25,0.1214,1.4396,"[0.0002, 0.0253]","[14.9304, 0.3178]"
2,63,0.0918,7.0062,0.8609,28,0.5142,1.3399,"[0.0003, 0.0428]","[3.5246, 2.1783]"
2,63,0.0936,7.1531,5.0425,32,3.5246,1.5989,"[0.0002, 0.0379]","[0.832, 9.2275]"
2,55,0.0631,1.0818,0.7019,28,0.5142,1.4459,"[0.0002, 0.0175]","[0.1214, 1.3463]"
2,55,0.0727,0.7452,0.3618,28,0.5142,1.5231,"[0.0002, 0.0369]","[0.1214, 1.3463]"
2,62,0.0852,2.3826,0.23,26,0.1964,1.5697,"[0.0003, 0.0245]","[3.5246, 1.3463]"
2,58,0.0796,2.0943,1.2583,30,1.3463,1.5252,"[0.0002, 0.0391]","[0.5142, 1.3463]"
2,67,0.0717,17.621,0.5305,27,0.3178,1.5313,"[0.0002, 0.0313]","[9.2275, 5.7029]"
2,57,0.09,1.5369,0.095,25,0.1214,1.5241,"[0.0003, 0.0241]","[0.832, 0.5142]"
2,64,0.0709,9.9854,5.7234,32,3.5246,1.4729,"[0.0002, 0.0302]","[3.5246, 3.5246]"
2,61,0.0789,5.7231,2.3307,30,1.3463,1.568,"[0.0001, 0.0332]","[2.1783, 1.3463]"
2,60,0.0824,4.8143,4.637,32,3.5246,1.6595,"[0.0002, 0.0217]","[0.3178, 5.7029]"
2,66,0.0882,9.4733,0.3889,26,0.1964,1.5,"[0.0002, 0.0274]","[14.9304, 2.1783]"
2,63,0.0668,7.2446,1.1165,28,0.5142,1.4492,"[0.0002, 0.0212]","[3.5246, 2.1783]"
2,59,0.0607,2.9602,5.184,35,14.9304,1.4985,"[0.0002, 0.0253]","[0.832, 1.3463]"
2,62,0.0719,4.2131,0.1333,25,0.1214,1.4993,"[0.0002, 0.0365]","[0.3178, 14.9304]"
2,60,0.08,4.0317,3.6004,32,3.5246,1.5033,"[0.0002, 0.0243]","[3.5246, 0.5142]"
2,58,0.0805,1.7893,0.0864,25,0.1214,1.5551,"[0.0002, 0.0248]","[1.3463, 0.5142]"
2,59,0.0999,1.9257,0.6487,27,0.3178,1.5011,"[0.0002, 0.0289]","[3.5246, 0.3178]"
2,63,0.0964,6.5496,1.2779,27,0.3178,1.5411,"[0.0002, 0.0254]","[3.5246, 2.1783]"
2,54,0.0867,0.8062,2.6915,34,9.2275,1.4476,"[0.0003, 0.0312]","[0.1964, 0.5142]"
2,55,0.0523,1.2957,4.1023,35,14.9304,1.5143,"[0.0002, 0.0242]","[0.3178, 0.5142]"
2,61,0.1027,7.2741,3.3491,31,2.1783,1.4634,"[0.0003, 0.0419]","[3.5246, 0.832]"
2,61,0.0688,2.8891,0.5485,27,0.3178,1.4896,"[0.0003, 0.0232]","[5.7029, 0.5142]"
2,62,0.0688,8.7596,6.731,34,9.2275,1.5111,"[0.0002, 0.0232]","[3.5246, 1.3463]"
2,60,0.0571,3.7901,2.6078,31,2.1783,1.5,"[0.0002, 0.0319]","[3.5246, 0.5142]"
2,58,0.0836,1.3857,1.2451,31,2.1783,1.5948,"[0.001, 0.0501]","[0.5142, 1.3463]"
2,68,0.1033,27.9178,5.2795,31,2.1783,1.5044,"[0.0003, 0.0272]","[9.2275, 9.2275]"
2,57,0.0922,1.3276,0.6195,28,0.5142,1.7158,"[0.0003, 0.0313]","[0.3178, 1.3463]"
2,57,0.0905,1.264,0.6684,28,0.5142,1.5434,"[0.0003, 0.0186]","[0.1964, 2.1783]"
2,62,0.0894,5.4841,1.3254,29,0.832,1.5468,"[0.0003, 0.0336]","[14.9304, 0.3178]"
2,62,0.131,4.6248,2.0691,29,0.832,1.5401,"[0.0003, 0.0246]","[1.3463, 3.5246]"
2,65,0.0833,12.9637,4.9651,31,2.1783,1.5014,"[0.0003, 0.0275]","[5.7029, 3.5246]"
2,57,0.0808,3.2174,6.2596,35,14.9304,1.6607,"[0.0003, 0.0302]","[0.1964, 2.1783]"
2,59,0.0629,4.006,3.071,31,2.1783,1.5633,"[0.0004, 0.0297]","[3.5246, 0.3178]"
2,64,0.1528,5.405,0.4595,27,0.3178,1.5126,"[0.0003, 0.0361]","[0.832, 14.9304]"
2,54,0.0622,0.7855,2.0184,33,5.7029,1.5845,"[0.0003, 0.0377]","[0.1964, 0.5142]"
2,57,0.1012,1.9154,2.5583,33,5.7029,1.5749,"[0.0004, 0.0353]","[0.5142, 0.832]"
2,57,0.1546,0.954,0.1851,25,0.1214,1.6232,"[0.0002, 0.0433]","[0.5142, 0.832]"
2,53,0.126,0.5706,4.0278,35,14.9304,1.5788,"[0.0002, 0.0316]","[0.5142, 0.1214]"
2,59,0.083,3.8288,3.0465,31,2.1783,1.5417,"[0.0003, 0.0476]","[5.7029, 0.1964]"
2,62,0.0423,8.4958,5.2328,33,5.7029,1.7261,"[0.0002, 0.0223]","[0.3178, 14.9304]"
2,61,0.0646,7.9473,7.4199,34,9.2275,1.6279,"[0.0002, 0.0484]","[0.832, 3.5246]"
2,58,0.1463,1.7941,0.2891,26,0.1964,1.5857,"[0.0003, 0.0499]","[1.3463, 0.5142]"
2,61,0.0781,4.2159,0.1988,25,0.1214,1.5377,"[0.0003, 0.0426]","[14.9304, 0.1964]"
2,60,0.1588,2.9595,1.2977,29,0.832,1.4042,"[0.0003, 0.0472]","[3.5246, 0.5142]"
2,65,0.0868,8.0236,0.408,25,0.1214,1.3821,"[0.0003, 0.0314]","[9.2275, 2.1783]"
2,61,0.143,6.7503,7.1726,35,14.9304,1.5235,"[0.0003, 0.0466]","[2.1783, 1.3463]"
2,58,0.1837,2.7602,1.5461,29,0.832,1.4269,"[0.0004, 0.0265]","[1.3463, 0.5142]"
2,50,0.073,0.065,0.3236,30,1.3463,1.4581,"[0.0002, 0.0362]","[0.1214, 0.1214]"
2,60,0.0906,4.4261,3.011,31,2.1783,1.4259,"[0.0002, 0.0247]","[2.1783, 0.832]"
2,66,0.0847,21.929,14.1786,34,9.2275,1.6731,"[0.0003, 0.0443]","[9.2275, 3.5246]"
2,63,0.1579,7.0882,2.277,30,1.3463,1.4604,"[0.0003, 0.0412]","[14.9304, 0.5142]"
2,58,0.0682,5.3226,5.1887,33,5.7029,1.4657,"[0.0002, 0.0328]","[0.1964, 3.5246]"
2,64,0.0898,6.6556,1.4184,29,0.832,1.4063,"[0.0002, 0.0238]","[1.3463, 9.2275]"
2,57,0.2109,1.9801,1.8506,32,3.5246,1.5565,"[0.0002, 0.0333]","[0.5142, 0.832]"
2,63,0.0896,5.3028,0.2731,26,0.1964,1.4982,"[0.0003, 0.034]","[3.5246, 2.1783]"
2,55,0.0824,1.4331,2.3885,33,5.7029,1.473,"[0.0003, 0.0315]","[0.1214, 1.3463]"
2,65,0.0857,16.8327,12.617,35,14.9304,1.5276,"[0.0002, 0.025]","[3.5246, 5.7029]"
2,57,0.1583,1.6823,0.5147,27,0.3178,1.478,"[0.0002, 0.0316]","[1.3463, 0.3178]"
2,69,0.0991,28.3585,0.468,26,0.1964,1.5512,"[0.0002, 0.0231]","[14.9304, 9.2275]"
2,68,0.0862,33.4756,8.7421,33,5.7029,1.4178,"[0.0003, 0.0407]","[9.2275, 9.2275]"
2,52,0.0776,0.2099,0.1533,26,0.1964,1.5932,"[0.0004, 0.0341]","[0.1214, 0.3178]"
2,66,0.0858,8.3572,0.0544,25,0.1214,1.5425,"[0.0002, 0.0447]","[14.9304, 2.1783]"
2,67,0.0972,16.5482,7.7084,32,3.5246,1.4397,"[0.0004, 0.0313]","[3.5246, 14.9304]"
2,60,0.0661,21.4598,21.4613,35,14.9304,1.5147,"[0.0003, 0.0434]","[14.9304, 0.1214]"
2,60,0.0749,3.7845,0.1124,25,0.1214,1.5432,"[0.0004, 0.0391]","[0.1214, 14.9304]"
2,62,0.094,7.9755,5.3441,32,3.5246,1.4746,"[0.0004, 0.0507]","[9.2275, 0.5142]"
2,64,0.0858,23.8545,22.2419,35,14.9304,1.4969,"[0.0004, 0.0403]","[0.832, 14.9304]"
2,61,0.0702,9.0714,10.7597,35,14.9304,1.5691,"[0.0004, 0.0247]","[0.5142, 5.7029]"
2,52,0.0827,0.1909,0.4628,30,1.3463,1.5948,"[0.0003, 0.0368]","[0.1214, 0.3178]"
2,61,0.0917,6.1092,7.0738,35,14.9304,1.5805,"[0.0004, 0.0209]","[2.1783, 1.3463]"
2,70,0.1058,48.5728,7.7531,32,3.5246,1.4757,"[0.0003, 0.0298]","[14.9304, 14.9304]"
2,58,0.0907,1.6576,0.759,28,0.5142,1.5266,"[0.0004, 0.0199]","[0.3178, 2.1783]"
2,57,0.0826,0.8913,0.141,25,0.1214,1.493,"[0.0002, 0.0216]","[0.1964, 2.1783]"
2,59,0.1702,3.6874,4.7968,34,9.2275,1.4981,"[0.0003, 0.0183]","[2.1783, 0.5142]"
2,64,0.1789,10.8629,1.9104,29,0.832,1.4511,"[0.0003, 0.0448]","[3.5246, 3.5246]"
2,57,0.0836,2.4847,3.0521,33,5.7029,1.5518,"[0.0004, 0.0381]","[0.3178, 1.3463]"
2,60,0.0594,10.6996,8.3107,33,5.7029,1.5121,"[0.0004, 0.0264]","[0.1214, 14.9304]"
2,55,0.0848,0.6019,0.1588,25,0.1214,1.6491,"[0.0003, 0.0341]","[0.832, 0.1964]"
2,59,0.0659,3.485,5.6811,35,14.9304,1.5886,"[0.0003, 0.0217]","[1.3463, 0.832]"
2,61,0.1005,3.4323,1.1032,29,0.832,1.5494,"[0.0003, 0.0346]","[0.3178, 9.2275]"
2,59,0.1014,9.5297,8.2793,35,14.9304,1.6099,"[0.0004, 0.0255]","[9.2275, 0.1214]"
2,55,0.1497,1.386,1.6899,32,3.5246,1.5822,"[0.0005, 0.0332]","[0.832, 0.1964]"
2,60,0.0955,5.4207,1.9002,30,1.3463,1.4753,"[0.0003, 0.0345]","[14.9304, 0.1214]"
2,56,0.0817,2.1923,1.8478,30,1.3463,1.4784,"[0.0003, 0.0373]","[1.3463, 0.1964]"
2,53,0.102,0.2539,0.1136,25,0.1214,1.451,"[0.0003, 0.0491]","[0.1964, 0.3178]"
2,52,0.0764,0.3959,0.5731,30,1.3463,1.4334,"[0.0002, 0.0409]","[0.3178, 0.1214]"
2,63,0.2113,6.2044,2.4295,30,1.3463,1.4962,"[0.0002, 0.0335]","[9.2275, 0.832]"
2,56,0.1469,1.4877,0.8406,30,1.3463,1.5088,"[0.0003, 0.0454]","[2.1783, 0.1214]"
2,57,0.0663,3.2565,3.9412,33,5.7029,1.6657,"[0.0003, 0.0214]","[2.1783, 0.1964]"
2,64,0.0944,7.0176,0.2642,26,0.1964,1.4394,"[0.0003, 0.0234]","[2.1783, 5.7029]"
2,59,0.3535,3.3156,1.4904,29,0.832,1.8595,"[0.0004, 0.0487]","[1.3463, 0.832]"
2,66,0.2152,13.5453,3.5227,31,2.1783,1.5969,"[0.0003, 0.0481]","[9.2275, 3.5246]"
2,65,0.1453,9.9119,2.1996,30,1.3463,1.6843,"[0.0003, 0.0236]","[9.2275, 2.1783]"
2,63,0.077,6.6673,0.0966,25,0.1214,1.5892,"[0.0003, 0.0365]","[3.5246, 2.1783]"
2,63,0.1675,9.2724,3.9889,31,2.1783,1.6303,"[0.0004, 0.0509]","[2.1783, 3.5246]"
2,56,0.0986,1.3103,4.4844,35,14.9304,1.6324,"[0.0002, 0.0377]","[1.3463, 0.1964]"
2,69,0.1093,28.118,0.1878,25,0.1214,1.4948,"[0.0004, 0.0374]","[9.2275, 14.9304]"
2,59,0.0706,3.1075,0.7344,28,0.5142,1.4657,"[0.0004, 0.0392]","[9.2275, 0.1214]"
2,58,0.0898,2.3238,1.0808,28,0.5142,1.4176,"[0.0003, 0.0339]","[2.1783, 0.3178]"
2,65,0.1523,7.1926,0.3001,26,0.1964,1.5086,"[0.0003, 0.0408]","[2.1783, 9.2275]"
2,57,0.1181,1.2476,0.2167,25,0.1214,1.5801,"[0.0004, 0.0319]","[1.3463, 0.3178]"
2,53,0.0622,0.5106,1.1408,32,3.5246,1.5516,"[0.0002, 0.0352]","[0.1964, 0.3178]"
2,56,0.0645,1.9076,3.3351,34,9.2275,1.5446,"[0.0004, 0.0487]","[0.832, 0.3178]"
2,68,0.0999,18.3789,0.2358,25,0.1214,1.5762,"[0.0003, 0.039]","[5.7029, 14.9304]"
2,58,0.1557,3.3063,2.5168,32,3.5246,1.5541,"[0.0004, 0.0441]","[1.3463, 0.5142]"
2,60,0.1534,8.2595,8.8985,34,9.2275,1.4842,"[0.0004, 0.0327]","[0.3178, 5.7029]"
2,59,0.1172,5.6001,4.5731,32,3.5246,1.5406,"[0.0004, 0.0462]","[5.7029, 0.1964]"
2,61,0.1411,7.0227,8.2168,35,14.9304,1.5503,"[0.0003, 0.0244]","[0.832, 3.5246]"
2,60,0.1541,3.5563,1.0436,29,0.832,1.5767,"[0.0003, 0.0375]","[2.1783, 0.832]"
2,62,0.0911,10.5791,8.7254,33,5.7029,1.6071,"[0.0003, 0.0405]","[14.9304, 0.3178]"
2,53,0.0598,0.4141,0.3146,28,0.5142,1.5321,"[0.0002, 0.0258]","[0.5142, 0.1214]"
2,55,0.0609,0.3938,0.0812,25,0.1214,1.5544,"[0.0002, 0.0406]","[0.1964, 0.832]"
2,57,0.0772,1.1564,0.4138,27,0.3178,1.522,"[0.0001, 0.0214]","[1.3463, 0.3178]"
2,57,0.0761,1.7518,3.2058,34,9.2275,1.5131,"[0.0001, 0.0255]","[0.832, 0.5142]"
2,64,0.07,8.7357,4.0774,31,2.1783,1.504,"[0.0003, 0.0397]","[5.7029, 2.1783]"
2,62,0.0904,3.6736,1.2337,28,0.5142,1.525,"[0.0003, 0.0246]","[0.832, 5.7029]"
2,60,0.059,2.5443,1.0543,29,0.832,1.5217,"[0.0003, 0.0236]","[5.7029, 0.3178]"
2,54,0.0973,0.6348,0.6456,30,1.3463,1.463,"[0.0002, 0.0213]","[0.3178, 0.3178]"
2,56,0.1,1.132,4.2126,35,14.9304,1.5188,"[0.0002, 0.0341]","[0.832, 0.3178]"
2,51,0.0897,0.2233,1.438,33,5.7029,1.5331,"[0.0003, 0.0239]","[0.1964, 0.1214]"
2,62,0.0506,3.6047,0.8819,29,0.832,1.5253,"[0.0003, 0.0254]","[0.5142, 9.2275]"
2,66,0.0751,11.4714,1.2414,28,0.5142,1.4732,"[0.0003, 0.0346]","[5.7029, 5.7029]"
2,55,0.1414,1.2901,1.1959,31,2.1783,1.6105,"[0.0002, 0.04]","[0.832, 0.1964]"
2,59,0.0958,4.0327,2.4902,31,2.1783,1.63,"[0.0002, 0.0502]","[0.832, 1.3463]"
2,54,0.0743,0.6673,0.5396,29,0.832,1.5518,"[0.0002, 0.0501]","[0.1964, 0.5142]"
2,53,0.0664,0.5813,1.0251,31,2.1783,1.5352,"[0.0002, 0.0344]","[0.1214, 0.5142]"
2,51,0.0607,0.111,3.6495,35,14.9304,1.4757,"[0.0002, 0.0373]","[0.1214, 0.1964]"
2,66,0.0746,24.5252,21.6048,35,14.9304,1.4075,"[0.0003, 0.0493]","[2.1783, 14.9304]"
2,70,0.0893,35.2904,0.2957,25,0.1214,1.3613,"[0.0004, 0.0428]","[14.9304, 14.9304]"
2,68,0.069,9.0497,1.063,29,0.832,1.4648,"[0.0003, 0.0234]","[5.7029, 14.9304]"
2,56,0.1143,1.8465,2.3333,32,3.5246,1.4178,"[0.0003, 0.0387]","[0.1964, 1.3463]"
2,65,0.0815,6.911,0.284,27,0.3178,1.6177,"[0.0002, 0.0359]","[2.1783, 9.2275]"
2,55,0.0995,0.3642,0.0822,25,0.1214,1.5807,"[0.0003, 0.0501]","[0.1964, 0.832]"
2,52,0.06,0.3044,1.566,33,5.7029,1.4795,"[0.0001, 0.0293]","[0.1214, 0.3178]"
2,54,0.06,1.0912,1.2164,30,1.3463,1.525,"[0.0001, 0.025]","[0.1214, 0.832]"
2,66,0.0793,7.0362,0.6569,27,0.3178,1.501,"[0.0001, 0.0439]","[2.1783, 14.9304]"
2,54,0.1125,0.3665,1.5818,33,5.7029,1.581,"[0.0003, 0.0517]","[0.3178, 0.3178]"
2,60,0.077,4.3419,2.8794,32,3.5246,1.4013,"[0.0002, 0.0416]","[1.3463, 1.3463]"
2,63,0.0887,5.5489,2.2143,30,1.3463,1.4724,"[0.0002, 0.038]","[0.832, 9.2275]"
2,57,0.0809,2.7011,4.8339,35,14.9304,1.5966,"[0.0002, 0.0353]","[1.3463, 0.3178]"
2,59,0.0961,2.1989,1.4754,30,1.3463,1.6379,"[0.0003, 0.0252]","[0.5142, 2.1783]"
2,67,0.1772,15.2809,0.8645,28,0.5142,1.559,"[0.0003, 0.0505]","[9.2275, 5.7029]"
2,67,0.101,27.4276,18.1064,35,14.9304,1.5882,"[0.0003, 0.0453]","[5.7029, 9.2275]"
2,51,0.0854,0.2852,0.0875,25,0.1214,1.3908,"[0.0003, 0.0246]","[0.1964, 0.1214]"
2,55,0.0426,0.5697,0.0909,25,0.1214,1.4052,"[0.0002, 0.0188]","[0.1214, 1.3463]"
2,63,0.075,7.8199,8.2608,35,14.9304,1.5312,"[0.0002, 0.0345]","[2.1783, 3.5246]"
2,63,0.1007,6.7123,3.0854,30,1.3463,1.4967,"[0.0003, 0.045]","[5.7029, 1.3463]"
2,61,0.0773,3.3928,1.6165,31,2.1783,1.4778,"[0.0003, 0.0217]","[5.7029, 0.5142]"
2,56,0.0691,1.3335,0.7543,28,0.5142,1.481,"[0.0002, 0.0336]","[0.3178, 0.832]"
2,56,0.0717,3.0614,4.2143,34,9.2275,1.5754,"[0.0002, 0.0309]","[0.1214, 2.1783]"
2,69,0.0973,28.8226,2.0043,29,0.832,1.4557,"[0.0003, 0.0213]","[9.2275, 14.9304]"
2,64,0.1807,13.2125,10.0228,34,9.2275,1.6507,"[0.0003, 0.0387]","[2.1783, 5.7029]"
2,66,0.0718,9.1696,0.494,27,0.3178,1.4373,"[0.0003, 0.0212]","[14.9304, 2.1783]"
2,58,0.0873,2.2201,2.5366,33,5.7029,1.4579,"[0.0003, 0.0216]","[2.1783, 0.3178]"
2,68,0.0748,30.2555,15.1639,33,5.7029,1.4327,"[0.0003, 0.0395]","[14.9304, 5.7029]"
2,63,0.0841,4.0128,0.4771,27,0.3178,1.4797,"[0.0002, 0.0487]","[9.2275, 0.832]"
2,57,0.0773,1.3819,0.7069,28,0.5142,1.4913,"[0.0003, 0.0302]","[0.1214, 3.5246]"
2,60,0.0724,3.4941,2.1764,30,1.3463,1.457,"[0.0001, 0.0216]","[0.832, 2.1783]"
2,68,0.0689,21.8891,8.0482,33,5.7029,1.6408,"[0.0003, 0.0183]","[9.2275, 9.2275]"
2,66,0.1442,10.3298,2.1999,30,1.3463,1.5253,"[0.0003, 0.0482]","[14.9304, 2.1783]"
2,58,0.0859,1.3127,0.3415,27,0.3178,1.4676,"[0.0002, 0.0402]","[2.1783, 0.3178]"
2,59,0.1326,2.8668,0.4651,27,0.3178,1.4941,"[0.0002, 0.0433]","[9.2275, 0.1214]"
2,57,0.0916,3.5444,6.4534,35,14.9304,1.6442,"[0.0003, 0.0316]","[0.1964, 2.1783]"
2,54,0.1257,0.7054,0.9377,31,2.1783,1.5416,"[0.0002, 0.0444]","[0.5142, 0.1964]"
2,62,0.1288,8.059,7.0394,34,9.2275,1.6729,"[0.0002, 0.0425]","[3.5246, 1.3463]"
2,64,0.096,7.6107,0.7585,28,0.5142,1.4039,"[0.0004, 0.0404]","[2.1783, 5.7029]"
2,60,0.0891,10.2051,7.6792,33,5.7029,1.5971,"[0.0003, 0.0435]","[14.9304, 0.1214]"
2,61,0.087,6.0786,2.5753,31,2.1783,1.3801,"[0.0003, 0.0434]","[0.1964, 14.9304]"
2,68,0.1038,35.7537,23.962,35,14.9304,1.4142,"[0.0004, 0.043]","[14.9304, 5.7029]"
2,54,0.0773,0.9671,2.2101,33,5.7029,1.5083,"[0.0003, 0.0363]","[0.1214, 0.832]"
2,60,0.069,2.4329,4.9553,35,14.9304,1.457,"[0.0003, 0.0355]","[1.3463, 1.3463]"
2,60,0.0886,1.6585,0.4386,27,0.3178,1.4481,"[0.0003, 0.0379]","[0.5142, 3.5246]"
2,61,0.0642,11.3071,8.8268,33,5.7029,1.364,"[0.0003, 0.039]","[14.9304, 0.1964]"
2,63,0.1318,7.5942,3.7523,31,2.1783,1.4062,"[0.0004, 0.05]","[9.2275, 0.832]"
2,62,0.1256,3.1546,0.4985,27,0.3178,1.4612,"[0.0003, 0.0244]","[5.7029, 0.832]"
2,54,0.0653,1.0507,1.21,30,1.3463,1.4178,"[0.0003, 0.0297]","[0.1214, 0.832]"
2,58,0.0527,1.6722,0.926,29,0.832,3.3758,"[0.0003, 0.0307]","[0.5142, 1.3463]"
2,59,0.0605,1.8895,0.1493,27,0.3178,1.9034,"[0.0002, 0.0268]","[5.7029, 0.1964]"
2,64,0.0939,13.2994,10.2575,35,14.9304,1.552,"[0.0002, 0.028]","[3.5246, 3.5246]"
2,59,0.1811,3.1537,4.0286,34,9.2275,1.573,"[0.0003, 0.0442]","[0.832, 1.3463]"
2,60,0.101,3.6313,1.2527,29,0.832,1.4959,"[0.0004, 0.0503]","[9.2275, 0.1964]"
2,55,0.0773,1.7465,5.1172,35,14.9304,1.5124,"[0.0003, 0.0363]","[0.1214, 1.3463]"
2,60,0.0786,6.2487,5.2431,32,3.5246,1.5457,"[0.0002, 0.0279]","[5.7029, 0.3178]"
2,62,0.0718,5.0345,1.3358,29,0.832,1.3758,"[0.0004, 0.0213]","[0.3178, 14.9304]"
2,62,0.0933,13.8785,14.9055,35,14.9304,1.6229,"[0.0003, 0.0426]","[0.5142, 9.2275]"
2,56,0.0658,1.5716,1.6117,32,3.5246,1.4855,"[0.0002, 0.0336]","[0.5142, 0.5142]"
2,61,0.1467,2.1137,0.2151,25,0.1214,1.5595,"[0.0003, 0.03]","[1.3463, 2.1783]"
2,60,0.0974,7.0489,5.5573,32,3.5246,1.4874,"[0.0003, 0.0236]","[14.9304, 0.1214]"
2,68,0.0386,34.0515,24.1288,35,14.9304,1.5282,"[0.0003, 0.0174]","[14.9304, 5.7029]"
2,56,0.1298,1.2305,4.5121,35,14.9304,1.5432,"[0.0003, 0.0493]","[0.3178, 0.832]"
2,64,0.048,7.3866,0.5351,27,0.3178,1.564,"[0.0004, 0.0278]","[5.7029, 2.1783]"
2,61,0.1257,4.0165,0.2093,26,0.1964,1.4398,"[0.0003, 0.0225]","[0.1964, 14.9304]"
2,66,0.092,15.1955,6.5411,32,3.5246,1.5717,"[0.0003, 0.0262]","[3.5246, 9.2275]"
2,60,0.0738,3.6947,0.0879,25,0.1214,1.6186,"[0.0002, 0.0332]","[0.1214, 14.9304]"
2,57,0.0516,4.9818,6.3604,34,9.2275,1.6342,"[0.0003, 0.0363]","[0.1214, 3.5246]"
2,59,0.1107,5.8934,5.0837,32,3.5246,1.4544,"[0.0003, 0.0195]","[5.7029, 0.1964]"
2,57,0.0725,0.9669,0.1106,25,0.1214,1.4888,"[0.0004, 0.038]","[0.1214, 3.5246]"
2,56,0.0814,1.7053,1.2961,29,0.832,1.5575,"[0.0002, 0.0257]","[0.3178, 0.832]"
2,56,0.0927,3.0594,3.8738,33,5.7029,1.6437,"[0.0003, 0.037]","[2.1783, 0.1214]"
2,58,0.1104,4.9467,5.4913,33,5.7029,1.5521,"[0.0006, 0.0375]","[0.1964, 3.5246]"
2,59,0.1257,1.9249,0.164,25,0.1214,1.5552,"[0.0004, 0.0447]","[5.7029, 0.1964]"
2,65,0.136,7.5202,0.9457,28,0.5142,1.5578,"[0.0003, 0.0396]","[1.3463, 14.9304]"
2,61,0.1057,6.0569,4.9461,33,5.7029,1.7021,"[0.0003, 0.0297]","[1.3463, 2.1783]"
2,66,0.1739,9.5338,0.6738,27,0.3178,1.609,"[0.0003, 0.037]","[14.9304, 2.1783]"
2,62,0.1224,3.8533,0.2958,26,0.1964,1.3916,"[0.0002, 0.0377]","[9.2275, 0.5142]"
2,61,0.0675,10.264,8.4464,33,5.7029,1.5849,"[0.0003, 0.032]","[9.2275, 0.3178]"
2,55,0.1082,1.2593,3.2172,34,9.2275,1.4977,"[0.0003, 0.0299]","[0.1964, 0.832]"
2,62,0.1005,8.2319,6.1236,33,5.7029,1.4981,"[0.0003, 0.0295]","[1.3463, 3.5246]"
2,62,0.0945,10.0084,8.2191,33,5.7029,1.4576,"[0.0003, 0.03]","[9.2275, 0.5142]"
2,54,0.1334,0.5839,2.5503,34,9.2275,1.4844,"[0.0003, 0.0423]","[0.3178, 0.3178]"
2,56,0.0691,1.1667,0.1968,25,0.1214,1.5318,"[0.0003, 0.0337]","[0.832, 0.3178]"
2,55,0.0524,0.5451,0.1588,26,0.1964,1.5218,"[0.0003, 0.0321]","[0.1214, 1.3463]"
2,56,0.0981,0.8178,0.3418,28,0.5142,1.5187,"[0.0003, 0.0371]","[0.1964, 1.3463]"
2,63,0.105,4.2192,0.7699,28,0.5142,1.5161,"[0.0002, 0.034]","[0.832, 9.2275]"
2,57,0.0519,4.1678,3.7917,33,5.7029,1.5432,"[0.0002, 0.0232]","[0.1214, 3.5246]"
2,59,0.066,3.449,1.578,29,0.832,1.5074,"[0.0003, 0.0349]","[0.832, 1.3463]"
2,59,0.0858,1.5145,0.6144,28,0.5142,1.5612,"[0.0002, 0.0401]","[0.3178, 3.5246]"
2,63,0.0622,7.3452,2.1192,29,0.832,1.531,"[0.0002, 0.0375]","[3.5246, 2.1783]"
2,55,0.0879,1.4544,4.8006,35,14.9304,1.4782,"[0.0003, 0.0317]","[0.1214, 1.3463]"
2,54,0.1181,0.4462,0.2088,27,0.3178,1.5856,"[0.0002, 0.0235]","[0.1964, 0.5142]"
2,66,0.1073,7.6951,1.1522,29,0.832,1.5799,"[0.0001, 0.0161]","[9.2275, 3.5246]"
2,62,0.1428,4.0483,0.149,26,0.1964,1.4042,"[0.0004, 0.0366]","[0.3178, 14.9304]"
2,62,0.0809,6.5706,7.3379,35,14.9304,1.5532,"[0.0002, 0.02]","[0.5142, 9.2275]"
2,60,0.1252,4.8652,4.1353,32,3.5246,1.5181,"[0.0004, 0.0241]","[5.7029, 0.3178]"
2,58,0.0697,4.3633,3.1901,33,5.7029,1.5722,"[0.0002, 0.0293]","[5.7029, 0.1214]"
2,62,0.0676,4.4588,2.1271,31,2.1783,1.4787,"[0.0002, 0.0424]","[5.7029, 0.832]"
2,60,0.0908,2.9111,0.5525,28,0.5142,1.4789,"[0.0003, 0.047]","[0.1964, 9.2275]"
2,53,0.1557,0.3493,1.4776,33,5.7029,1.5006,"[0.0002, 0.0315]","[0.3178, 0.1964]"
2,60,0.1297,2.6087,0.8086,29,0.832,1.5913,"[0.0003, 0.0436]","[5.7029, 0.3178]"
2,66,0.0713,8.8792,0.6082,27,0.3178,1.4433,"[0.0001, 0.046]","[9.2275, 3.5246]"
2,64,0.1094,13.5344,10.5384,35,14.9304,1.5267,"[0.0001, 0.0233]","[5.7029, 2.1783]"
2,64,0.1034,9.6428,0.1864,25,0.1214,1.5199,"[0.0002, 0.0426]","[3.5246, 3.5246]"
2,54,0.0803,0.3517,0.2072,26,0.1964,1.4983,"[0.0004, 0.0453]","[0.1964, 0.5142]"
2,57,0.0957,1.7434,0.6966,28,0.5142,1.3452,"[0.0003, 0.04]","[3.5246, 0.1214]"
2,62,0.1422,6.227,3.1828,31,2.1783,1.6948,"[0.0002, 0.0457]","[3.5246, 1.3463]"
2,59,0.1919,2.2075,0.6307,28,0.5142,1.474,"[0.0003, 0.0557]","[5.7029, 0.1964]"
2,68,0.1413,24.5808,11.6784,34,9.2275,1.4484,"[0.0003, 0.035]","[9.2275, 9.2275]"
2,59,0.0578,2.4085,0.2035,27,0.3178,1.5636,"[0.0005, 0.0375]","[0.1214, 9.2275]"
2,54,0.0654,0.3116,0.4684,29,0.832,1.6161,"[0.0003, 0.0501]","[0.1964, 0.5142]"
2,59,0.124,2.2524,1.584,29,0.832,1.5417,"[0.0003, 0.0431]","[1.3463, 0.832]"
2,64,0.1557,5.5019,0.1833,26,0.1964,1.4322,"[0.0002, 0.0392]","[1.3463, 9.2275]"
2,55,0.176,1.5654,1.4424,30,1.3463,1.4647,"[0.0003, 0.0491]","[1.3463, 0.1214]"
2,65,0.1376,5.2069,0.1836,25,0.1214,1.5084,"[0.0003, 0.0361]","[3.5246, 5.7029]"
2,65,0.1314,13.8244,11.7503,35,14.9304,1.4136,"[0.0002, 0.0452]","[9.2275, 2.1783]"
2,61,0.1174,6.9052,5.2378,32,3.5246,1.5064,"[0.0003, 0.0414]","[0.3178, 9.2275]"
2,62,0.0702,8.5172,7.8396,35,14.9304,1.399,"[0.0003, 0.0159]","[2.1783, 2.1783]"
2,61,0.1409,1.968,0.1028,25,0.1214,1.4769,"[0.0002, 0.0396]","[0.5142, 5.7029]"
2,64,0.1127,4.1828,0.2027,25,0.1214,1.4729,"[0.0002, 0.0366]","[2.1783, 5.7029]"
2,53,0.0705,0.4455,1.6733,33,5.7029,1.4652,"[0.0002, 0.035]","[0.3178, 0.1964]"
2,64,0.0982,5.4784,0.2138,26,0.1964,1.4295,"[0.0002, 0.0475]","[14.9304, 0.832]"
2,64,0.1831,6.1726,1.6787,29,0.832,1.562,"[0.0003, 0.036]","[9.2275, 1.3463]"
2,64,0.0773,8.082,4.156,31,2.1783,1.4988,"[0.0003, 0.0317]","[9.2275, 1.3463]"
2,66,0.0768,15.3224,8.264,33,5.7029,1.4377,"[0.0003, 0.0211]","[14.9304, 2.1783]"
2,58,0.1085,1.6427,0.0827,25,0.1214,1.4409,"[0.0003, 0.0208]","[5.7029, 0.1214]"
2,60,0.0583,13.202,12.7669,34,9.2275,1.5478,"[0.0003, 0.0242]","[0.1964, 9.2275]"
2,57,0.0673,4.9912,7.7417,35,14.9304,1.4578,"[0.0003, 0.0282]","[0.1214, 3.5246]"
2,62,0.0673,3.4266,0.4175,25,0.1214,1.5323,"[0.0003, 0.0269]","[5.7029, 0.832]"
2,63,0.0749,7.3424,3.3682,31,2.1783,1.4041,"[0.0002, 0.0192]","[2.1783, 3.5246]"
2,60,0.0592,2.745,0.2892,26,0.1964,1.4943,"[0.0003, 0.0238]","[0.832, 2.1783]"
2,57,0.0942,4.9102,7.6129,35,14.9304,1.4667,"[0.0002, 0.0453]","[3.5246, 0.1214]"
2,65,0.0686,12.4265,8.6685,33,5.7029,1.5212,"[0.0003, 0.0331]","[1.3463, 14.9304]"
2,61,0.0989,3.46,1.8885,31,2.1783,1.598,"[0.0004, 0.0331]","[5.7029, 0.5142]"
2,69,0.094,52.132,27.2895,35,14.9304,1.5666,"[0.0002, 0.0484]","[14.9304, 9.2275]"
2,59,0.0787,2.4208,0.1306,26,0.1964,1.5192,"[0.0001, 0.0228]","[0.1214, 9.2275]"
2,59,0.0842,2.3574,0.6502,28,0.5142,1.4625,"[0.0003, 0.0336]","[3.5246, 0.3178]"
2,59,0.1078,5.4416,6.9419,35,14.9304,1.7098,"[0.0003, 0.047]","[0.3178, 3.5246]"
2,61,0.0629,3.2636,1.2227,28,0.5142,1.4304,"[0.0003, 0.0275]","[3.5246, 0.832]"
2,59,0.0725,3.3277,2.488,32,3.5246,1.4759,"[0.0003, 0.0422]","[0.3178, 3.5246]"
2,67,0.0745,13.3379,0.8272,28,0.5142,1.4901,"[0.0002, 0.0238]","[3.5246, 14.9304]"
2,54,0.081,0.6462,1.1869,32,3.5246,1.5282,"[0.0003, 0.0304]","[0.3178, 0.3178]"
2,66,0.1046,12.7054,3.7146,31,2.1783,1.4042,"[0.0002, 0.0388]","[3.5246, 9.2275]"
2,52,0.0743,0.4315,2.4631,34,9.2275,1.6169,"[0.0003, 0.049]","[0.3178, 0.1214]"
2,58,0.0631,1.6665,0.5805,26,0.1964,1.4432,"[0.0003, 0.0227]","[1.3463, 0.5142]"
2,69,0.0945,27.778,0.3242,26,0.1964,1.5214,"[0.0002, 0.0286]","[14.9304, 9.2275]"
2,62,0.0444,7.887,5.4572,32,3.5246,1.4566,"[0.0002, 0.0277]","[9.2275, 0.5142]"
2,59,0.091,3.3721,5.3683,35,14.9304,1.5028,"[0.0003, 0.0423]","[1.3463, 0.832]"
2,56,0.0999,1.2166,1.1076,29,0.832,1.5162,"[0.0002, 0.0442]","[0.3178, 0.832]"
2,64,0.0909,6.9395,0.2585,26,0.1964,1.5081,"[0.0002, 0.025]","[2.1783, 5.7029]"
2,61,0.0756,6.7373,5.5737,32,3.5246,1.3637,"[0.0002, 0.0249]","[9.2275, 0.3178]"
2,66,0.0709,7.0273,0.7564,28,0.5142,1.4912,"[0.0002, 0.0254]","[2.1783, 14.9304]"
2,53,0.0683,0.5934,1.7677,33,5.7029,1.5383,"[0.0003, 0.0227]","[0.1964, 0.3178]"
2,61,0.0721,9.4179,10.5546,35,14.9304,1.5235,"[0.0003, 0.0469]","[5.7029, 0.5142]"
2,67,0.0659,22.514,7.3764,33,5.7029,1.4414,"[0.0003, 0.0394]","[9.2275, 5.7029]"
2,55,0.0894,0.8368,0.6433,28,0.5142,1.5055,"[0.0002, 0.0489]","[0.3178, 0.5142]"
2,66,0.0928,10.7499,0.5364,27,0.3178,1.4365,"[0.0003, 0.0422]","[3.5246, 9.2275]"
2,58,0.08,2.3459,1.0344,29,0.832,1.4441,"[0.0002, 0.0393]","[0.1214, 5.7029]"
2,65,0.1351,10.2822,4.0774,31,2.1783,1.3417,"[0.0003, 0.0439]","[9.2275, 2.1783]"
2,60,0.0941,3.1259,1.2138,29,0.832,1.3982,"[0.0003, 0.0486]","[2.1783, 0.832]"
2,65,0.1012,8.6856,2.8544,30,1.3463,1.3858,"[0.0003, 0.0455]","[9.2275, 2.1783]"
2,58,0.1024,3.2972,4.809,34,9.2275,1.4949,"[0.0003, 0.0366]","[0.3178, 2.1783]"
2,61,0.1226,6.3262,5.527,34,9.2275,1.4401,"[0.0003, 0.0468]","[1.3463, 2.1783]"
2,66,0.0751,17.0744,9.6296,33,5.7029,1.4766,"[0.0003, 0.0245]","[2.1783, 14.9304]"
2,59,0.0669,3.4957,2.0429,31,2.1783,1.4893,"[0.0003, 0.0365]","[2.1783, 0.5142]"
2,57,0.1015,2.3087,2.7618,33,5.7029,1.4913,"[0.0002, 0.05]","[1.3463, 0.3178]"
2,53,0.1025,0.5102,0.5863,30,1.3463,1.4962,"[0.0003, 0.0368]","[0.3178, 0.1964]"
2,57,0.0787,1.2508,0.6852,28,0.5142,1.4994,"[0.0003, 0.047]","[0.1964, 2.1783]"
2,66,0.1171,20.9102,12.0202,34,9.2275,1.3276,"[0.0002, 0.036]","[9.2275, 3.5246]"
2,66,0.0843,12.886,4.7963,31,2.1783,1.3219,"[0.0003, 0.0286]","[14.9304, 2.1783]"
2,56,0.1149,0.997,0.6947,30,1.3463,1.4012,"[0.0003, 0.0389]","[0.5142, 0.5142]"
2,56,0.0978,1.0767,0.5257,27,0.3178,1.6133,"[0.0002, 0.032]","[1.3463, 0.1964]"
2,62,0.0816,2.4305,0.1502,25,0.1214,1.3964,"[0.0002, 0.0461]","[5.7029, 0.832]"
2,55,0.1297,1.261,1.1855,30,1.3463,1.4405,"[0.0003, 0.0232]","[0.832, 0.1964]"
2,60,0.047,2.2207,0.5949,29,0.832,1.459,"[0.0003, 0.0299]","[2.1783, 0.832]"
2,64,0.0601,7.136,0.1705,25,0.1214,1.4207,"[0.0002, 0.0347]","[5.7029, 2.1783]"
2,59,0.0458,3.976,1.8554,30,1.3463,1.4639,"[0.0002, 0.0208]","[0.1214, 9.2275]"
2,58,0.0559,1.6457,0.2156,26,0.1964,1.5062,"[0.0002, 0.0305]","[0.1214, 5.7029]"
2,55,0.0927,1.1693,0.7748,29,0.832,1.6376,"[0.0002, 0.0369]","[0.5142, 0.3178]"
2,65,0.0959,7.138,0.2449,26,0.1964,1.467,"[0.0003, 0.025]","[1.3463, 14.9304]"
2,61,0.0859,3.0959,0.1575,25,0.1214,1.4094,"[0.0003, 0.0428]","[3.5246, 0.832]"
2,62,0.0748,3.7927,0.9352,28,0.5142,1.4226,"[0.0002, 0.0292]","[0.5142, 9.2275]"
2,59,0.0788,2.6769,4.1408,34,9.2275,1.6552,"[0.0002, 0.0332]","[0.3178, 3.5246]"
2,57,0.0667,4.0896,3.694,33,5.7029,1.4738,"[0.0003, 0.0357]","[0.1214, 3.5246]"
2,59,0.1139,1.6207,0.2691,25,0.1214,1.4578,"[0.0003, 0.0279]","[0.5142, 2.1783]"
2,60,0.1527,4.4879,5.1616,34,9.2275,1.5401,"[0.0002, 0.0329]","[0.832, 2.1783]"
2,60,0.0944,5.0756,6.813,35,14.9304,1.5792,"[0.0002, 0.0437]","[0.832, 2.1783]"
2,55,0.1236,0.4876,0.0996,25,0.1214,1.4746,"[0.0004, 0.0324]","[0.3178, 0.5142]"
2,61,0.1136,6.3724,5.3127,34,9.2275,1.5042,"[0.0002, 0.0375]","[2.1783, 1.3463]"
2,60,0.1884,2.8101,0.1786,25,0.1214,1.5359,"[0.0003, 0.0463]","[9.2275, 0.1964]"
2,60,0.1007,4.5538,0.6685,28,0.5142,1.5921,"[0.0003, 0.045]","[14.9304, 0.1214]"
2,63,0.0773,12.3803,10.1246,34,9.2275,1.6331,"[0.0003, 0.0216]","[1.3463, 5.7029]"
2,60,0.0963,13.7621,14.7411,35,14.9304,1.6484,"[0.0004, 0.0456]","[9.2275, 0.1964]"
2,65,0.0707,18.0466,10.2464,33,5.7029,1.5222,"[0.0004, 0.0304]","[5.7029, 3.5246]"
2,56,0.0786,1.7728,4.6891,35,14.9304,1.6141,"[0.0003, 0.0228]","[0.832, 0.3178]"
2,56,0.1317,1.7824,3.1451,34,9.2275,1.5386,"[0.0003, 0.0355]","[0.832, 0.3178]"
2,67,0.1301,29.4539,19.3694,35,14.9304,1.5603,"[0.0002, 0.0488]","[9.2275, 5.7029]"
2,56,0.1316,1.7963,1.1165,29,0.832,1.5116,"[0.0004, 0.0251]","[0.832, 0.3178]"
2,56,0.1428,1.449,4.4837,35,14.9304,1.5279,"[0.0003, 0.0312]","[0.832, 0.3178]"
2,60,0.1287,6.263,5.382,32,3.5246,1.5347,"[0.0004, 0.0273]","[0.3178, 5.7029]"
2,59,0.1045,5.8333,4.9139,32,3.5246,1.4872,"[0.0003, 0.0234]","[5.7029, 0.1964]"
2,66,0.113,18.7383,10.4196,33,5.7029,1.7617,"[0.0003, 0.0498]","[9.2275, 3.5246]"
2,63,0.0883,5.8661,1.7029,29,0.832,1.6197,"[0.0004, 0.0174]","[1.3463, 5.7029]"
2,56,0.1103,1.5696,4.4219,35,14.9304,1.6365,"[0.0003, 0.0494]","[0.5142, 0.5142]"
2,60,0.1459,3.2669,0.7363,28,0.5142,1.5906,"[0.0003, 0.0495]","[9.2275, 0.1964]"
2,55,0.0931,1.2937,1.555,32,3.5246,1.5537,"[0.0004, 0.022]","[0.3178, 0.5142]"
2,65,0.0973,7.1125,1.3445,28,0.5142,2.0513,"[0.0003, 0.0212]","[1.3463, 14.9304]"
2,59,0.1696,12.793,13.8059,35,14.9304,1.6448,"[0.0003, 0.036]","[9.2275, 0.1214]"
2,66,0.073,12.4999,4.1848,31,2.1783,1.5851,"[0.0004, 0.041]","[2.1783, 14.9304]"
2,52,0.1052,0.3126,2.4277,34,9.2275,1.6227,"[0.0004, 0.0292]","[0.3178, 0.1214]"
2,55,0.1602,1.1798,1.6226,32,3.5246,1.5823,"[0.0002, 0.0385]","[0.832, 0.1964]"
2,60,0.0946,3.8714,0.0895,25,0.1214,1.7074,"[0.0003, 0.0281]","[0.1214, 14.9304]"
2,68,0.0954,28.833,4.1539,31,2.1783,1.602,"[0.0004, 0.0296]","[9.2275, 9.2275]"
2,60,0.0622,9.1253,7.933,33,5.7029,1.5504,"[0.0004, 0.0313]","[0.1964, 9.2275]"
2,59,0.0577,1.9053,0.1961,25,0.1214,1.5425,"[0.0003, 0.026]","[0.5142, 2.1783]"
2,57,0.1337,2.0917,0.8269,28,0.5142,1.5508,"[0.0003, 0.0374]","[0.832, 0.5142]"
2,62,0.1727,5.6018,3.4267,31,2.1783,1.535,"[0.0003, 0.0559]","[0.832, 5.7029]"
2,55,0.201,1.0947,0.9666,30,1.3463,1.6683,"[0.0003, 0.0382]","[0.832, 0.1964]"
2,64,0.048,10.9044,5.8557,32,3.5246,1.4787,"[0.0002, 0.0226]","[14.9304, 0.832]"
2,60,0.2532,6.1027,6.5466,34,9.2275,1.4906,"[0.0003, 0.0298]","[3.5246, 0.5142]"
2,60,0.0995,5.399,5.4386,34,9.2275,1.4538,"[0.0005, 0.039]","[0.832, 2.1783]"
2,61,0.0641,5.166,3.5856,31,2.1783,1.5024,"[0.0003, 0.0328]","[5.7029, 0.5142]"
2,60,0.2053,3.8378,0.6148,26,0.1964,1.4157,"[0.0003, 0.0479]","[1.3463, 1.3463]"
2,56,0.1169,1.9727,1.7813,32,3.5246,1.5001,"[0.0003, 0.0307]","[0.5142, 0.5142]"
2,53,0.1288,0.4917,2.5071,34,9.2275,1.4863,"[0.0003, 0.0226]","[0.1964, 0.3178]"
2,65,0.1237,14.2612,6.8991,32,3.5246,1.3897,"[0.0002, 0.0501]","[3.5246, 5.7029]"
2,64,0.2155,13.2228,9.3097,33,5.7029,1.4649,"[0.0002, 0.0277]","[5.7029, 2.1783]"
2,68,0.1293,25.0102,0.5858,27,0.3178,1.4851,"[0.0004, 0.0228]","[9.2275, 9.2275]"
2,64,0.0713,17.1921,13.9978,34,9.2275,1.3782,"[0.0005, 0.0207]","[14.9304, 0.832]"
2,59,0.0549,2.7933,0.1729,25,0.1214,1.6101,"[0.0004, 0.0269]","[1.3463, 0.832]"
2,65,0.1191,12.3204,6.646,32,3.5246,1.503,"[0.0003, 0.043]","[9.2275, 2.1783]"
2,56,0.1964,1.0806,0.2638,26,0.1964,1.6156,"[0.0003, 0.0546]","[1.3463, 0.1964]"
2,60,0.1063,12.8834,12.9609,34,9.2275,1.5479,"[0.0003, 0.0386]","[0.1964, 9.2275]"
2,61,0.1735,4.5562,0.6477,28,0.5142,1.4824,"[0.0003, 0.0198]","[14.9304, 0.1964]"
2,57,0.0931,5.2119,5.0213,32,3.5246,1.5418,"[0.0004, 0.0309]","[3.5246, 0.1214]"
2,55,0.0747,0.583,0.1542,25,0.1214,1.6448,"[0.0004, 0.0371]","[0.1964, 0.832]"
2,56,0.1645,1.3226,2.0872,33,5.7029,1.5022,"[0.0004, 0.0378]","[0.5142, 0.5142]"
2,56,0.0972,1.8651,0.8672,28,0.5142,1.5053,"[0.0003, 0.0313]","[0.5142, 0.5142]"
2,59,0.2479,1.9737,0.2523,25,0.1214,1.4533,"[0.0003, 0.0346]","[2.1783, 0.5142]"
2,54,0.1008,0.4812,0.2046,26,0.1964,1.4951,"[0.0003, 0.035]","[0.1964, 0.5142]"
2,62,0.1636,4.0683,0.2101,25,0.1214,1.4408,"[0.0003, 0.047]","[1.3463, 3.5246]"
2,58,0.0838,2.8442,3.081,33,5.7029,1.5958,"[0.0003, 0.0281]","[1.3463, 0.5142]"
2,62,0.1051,7.9323,4.8069,32,3.5246,1.5503,"[0.0003, 0.0341]","[2.1783, 2.1783]"
2,60,0.157,4.9163,2.7192,31,2.1783,1.4916,"[0.0003, 0.0301]","[1.3463, 1.3463]"
2,57,0.0891,1.0448,0.0973,25,0.1214,1.4214,"[0.0004, 0.0306]","[0.1214, 3.5246]"
2,52,0.0864,0.4474,0.576,30,1.3463,1.5592,"[0.0003, 0.0254]","[0.1964, 0.1964]"
2,54,0.0588,1.1764,1.112,29,0.832,1.6569,"[0.0003, 0.0244]","[0.1214, 0.832]"
2,55,0.1218,1.3258,1.4115,31,2.1783,1.6209,"[0.0003, 0.0305]","[0.832, 0.1964]"
2,60,0.1555,3.2545,0.6824,28,0.5142,1.6597,"[0.0002, 0.0387]","[9.2275, 0.1964]"
2,63,0.1201,6.3572,1.7688,30,1.3463,1.5174,"[0.0003, 0.0493]","[14.9304, 0.5142]"
2,65,0.0768,12.0583,2.8185,30,1.3463,1.5576,"[0.0004, 0.0262]","[5.7029, 3.5246]"
2,58,0.0896,5.1841,5.6478,33,5.7029,1.5313,"[0.0003, 0.0378]","[0.1964, 3.5246]"
2,69,0.1722,28.4333,0.6754,26,0.1964,1.5299,"[0.0004, 0.0453]","[9.2275, 14.9304]"
2,60,0.1246,8.1452,5.0515,32,3.5246,1.5501,"[0.0003, 0.0487]","[14.9304, 0.1214]"
2,63,0.1241,7.3546,1.0936,28,0.5142,1.4332,"[0.0003, 0.048]","[3.5246, 2.1783]"
2,68,0.1005,32.8154,17.7621,34,9.2275,1.5152,"[0.0003, 0.0346]","[14.9304, 5.7029]"
2,55,0.104,0.9615,1.2991,31,2.1783,1.6004,"[0.0003, 0.0373]","[0.1964, 0.832]"
2,61,0.0694,6.2773,3.0101,31,2.1783,1.6162,"[0.0003, 0.0257]","[0.1964, 14.9304]"
2,67,0.1066,18.4904,2.1401,29,0.832,1.4511,"[0.0003, 0.0305]","[5.7029, 9.2275]"
2,53,0.0977,0.555,2.5283,34,9.2275,1.5438,"[0.0002, 0.034]","[0.3178, 0.1964]"
2,63,0.0808,11.6006,8.7821,33,5.7029,1.5141,"[0.0004, 0.0379]","[0.5142, 14.9304]"
2,67,0.1274,17.4374,7.5439,32,3.5246,1.5809,"[0.0003, 0.0413]","[3.5246, 14.9304]"
2,59,0.1005,2.3005,0.3209,25,0.1214,1.6051,"[0.0003, 0.0297]","[0.832, 1.3463]"
2,60,0.0791,10.7919,8.3105,33,5.7029,1.5282,"[0.0003, 0.0386]","[14.9304, 0.1214]"
2,64,0.0733,5.8794,0.5839,27,0.3178,1.4176,"[0.0004, 0.0379]","[9.2275, 1.3463]"
2,62,0.1047,14.167,13.495,34,9.2275,1.5446,"[0.0004, 0.039]","[9.2275, 0.5142]"
2,61,0.1975,14.273,15.2273,35,14.9304,1.4718,"[0.0003, 0.0249]","[0.3178, 9.2275]"
2,59,0.1793,1.9259,0.3775,27,0.3178,1.5135,"[0.0004, 0.0508]","[5.7029, 0.1964]"
2,67,0.0804,16.073,4.6956,31,2.1783,1.4523,"[0.0002, 0.0246]","[14.9304, 3.5246]"
2,62,0.1186,3.9585,0.9198,28,0.5142,1.3268,"[0.0003, 0.0426]","[0.832, 5.7029]"
2,66,0.0709,10.3233,3.1015,30,1.3463,1.497,"[0.0004, 0.0307]","[14.9304, 2.1783]"
2,65,0.1064,11.985,5.4353,31,2.1783,1.4908,"[0.0004, 0.0456]","[3.5246, 5.7029]"
2,56,0.1277,0.6185,0.1857,26,0.1964,1.5283,"[0.0004, 0.0506]","[0.3178, 0.832]"
2,62,0.3322,13.1039,12.0311,34,9.2275,1.5562,"[0.0002, 0.0223]","[0.5142, 9.2275]"
2,65,0.1275,7.7502,0.5556,26,0.1964,1.5192,"[0.0003, 0.0312]","[14.9304, 1.3463]"
2,63,0.0801,22.8919,22.0036,35,14.9304,1.4717,"[0.0003, 0.0193]","[14.9304, 0.5142]"
2,65,0.1362,13.178,8.4726,33,5.7029,1.5158,"[0.0003, 0.0448]","[14.9304, 1.3463]"
2,58,0.1053,3.2191,5.825,35,14.9304,1.5947,"[0.0003, 0.0444]","[2.1783, 0.3178]"
2,56,0.123,0.9004,0.3967,27,0.3178,1.511,"[0.0003, 0.0297]","[0.1964, 1.3463]"
2,58,0.1208,8.3748,9.013,34,9.2275,1.4345,"[0.0004, 0.0447]","[5.7029, 0.1214]"
2,68,0.151,23.0443,8.3262,32,3.5246,1.3345,"[0.0004, 0.0294]","[14.9304, 5.7029]"
2,53,0.0918,0.3405,0.5675,30,1.3463,1.4397,"[0.0003, 0.0486]","[0.1964, 0.3178]"
2,53,0.1733,0.4021,0.1078,25,0.1214,1.5371,"[0.0002, 0.0436]","[0.5142, 0.1214]"
2,65,0.0993,7.2897,0.2184,25,0.1214,1.4812,"[0.0004, 0.0437]","[14.9304, 1.3463]"
2,63,0.1163,5.1172,0.7382,27,0.3178,1.3882,"[0.0003, 0.03]","[1.3463, 5.7029]"
2,54,0.0842,0.9606,1.3519,32,3.5246,1.4985,"[0.0003, 0.0387]","[0.3178, 0.3178]"
2,60,0.0894,3.17,0.597,28,0.5142,1.4429,"[0.0002, 0.0437]","[9.2275, 0.1964]"
2,62,0.0711,3.9114,4.9118,34,9.2275,1.6697,"[0.0003, 0.0392]","[1.3463, 3.5246]"
2,63,0.1248,15.3362,10.7895,35,14.9304,1.5251,"[0.0002, 0.0488]","[1.3463, 5.7029]"
2,66,0.0755,11.8072,0.0699,25,0.1214,1.5231,"[0.0003, 0.0452]","[5.7029, 5.7029]"
2,70,0.0888,42.1733,6.6927,32,3.5246,1.446,"[0.0003, 0.0331]","[14.9304, 14.9304]"
2,58,0.0968,1.5968,0.4043,27,0.3178,1.5608,"[0.0002, 0.0309]","[2.1783, 0.3178]"
2,61,0.0718,5.7101,2.5862,31,2.1783,1.5114,"[0.0001, 0.0363]","[5.7029, 0.5142]"
2,57,0.0821,0.8287,0.2503,27,0.3178,1.5409,"[0.0002, 0.0314]","[0.3178, 1.3463]"
2,55,0.0761,0.5054,0.1306,26,0.1964,1.5175,"[0.0001, 0.0285]","[0.1214, 1.3463]"
2,59,0.0926,2.3422,0.6144,27,0.3178,1.5489,"[0.0001, 0.0419]","[2.1783, 0.5142]"
2,60,0.1029,3.3605,1.1153,29,0.832,1.4678,"[0.0001, 0.0338]","[0.1964, 9.2275]"
2,63,0.1719,4.3877,0.7117,28,0.5142,1.6558,"[0.0002, 0.0502]","[5.7029, 1.3463]"
2,54,0.0817,0.848,1.8032,33,5.7029,1.6407,"[0.0003, 0.021]","[0.3178, 0.3178]"
2,66,0.0855,10.8594,1.5421,29,0.832,1.5137,"[0.0002, 0.0298]","[14.9304, 2.1783]"
2,60,0.1103,2.7336,0.6013,27,0.3178,1.6264,"[0.0002, 0.0394]","[1.3463, 1.3463]"
2,56,0.0834,1.4673,2.4439,33,5.7029,1.6137,"[0.0001, 0.0327]","[0.3178, 0.832]"
2,57,0.1579,1.0533,0.1742,25,0.1214,1.5521,"[0.0003, 0.0463]","[2.1783, 0.1964]"
2,54,0.0995,0.6762,0.7004,30,1.3463,1.5554,"[0.0002, 0.0438]","[0.3178, 0.3178]"
2,56,0.0471,1.8819,1.1348,29,0.832,1.4359,"[0.0002, 0.0227]","[2.1783, 0.1214]"
2,66,0.0728,9.5074,0.4007,26,0.1964,1.4733,"[0.0002, 0.0272]","[2.1783, 14.9304]"
2,65,0.1452,10.7569,0.3251,27,0.3178,1.6196,"[0.0002, 0.0389]","[5.7029, 3.5246]"
2,62,0.103,3.9853,0.1473,25,0.1214,1.5836,"[0.0003, 0.0473]","[1.3463, 3.5246]"
2,66,0.0738,11.0466,0.6066,26,0.1964,1.5465,"[0.0003, 0.0392]","[5.7029, 5.7029]"
2,59,0.1038,2.8428,1.5064,31,2.1783,1.5703,"[0.0002, 0.0368]","[0.1964, 5.7029]"
2,57,0.1184,1.509,2.0335,32,3.5246,1.422,"[0.0002, 0.0254]","[0.1964, 2.1783]"
2,57,0.0541,1.1492,0.1669,25,0.1214,1.4634,"[0.0003, 0.0187]","[0.3178, 1.3463]"
2,58,0.1226,1.2427,0.2473,25,0.1214,1.5064,"[0.0002, 0.0415]","[3.5246, 0.1964]"
2,62,0.0848,6.851,4.4433,32,3.5246,1.4884,"[0.0001, 0.024]","[9.2275, 0.5142]"
2,63,0.0607,6.9423,4.1768,31,2.1783,1.5804,"[0.0003, 0.0253]","[1.3463, 5.7029]"
2,65,0.0961,7.9731,0.1498,25,0.1214,1.6345,"[0.0002, 0.0404]","[9.2275, 2.1783]"
2,53,0.0996,0.289,0.5409,30,1.3463,1.6145,"[0.0003, 0.044]","[0.1964, 0.3178]"
2,58,0.0925,0.9899,0.237,26,0.1964,1.5899,"[0.0002, 0.0367]","[0.3178, 2.1783]"
2,60,0.0667,6.2219,5.0765,32,3.5246,1.5625,"[0.0002, 0.021]","[0.3178, 5.7029]"
2,70,0.0906,43.6989,1.3759,29,0.832,1.5845,"[0.0003, 0.035]","[14.9304, 14.9304]"
2,58,0.0811,1.6651,0.7744,28,0.5142,1.5745,"[0.0002, 0.0254]","[3.5246, 0.1964]"
2,64,0.0891,6.1376,1.1162,28,0.5142,1.4927,"[0.0003, 0.0212]","[0.832, 14.9304]"
2,60,0.0817,2.1026,0.3512,27,0.3178,1.5397,"[0.0003, 0.0464]","[5.7029, 0.3178]"
2,58,0.0812,8.012,10.2271,35,14.9304,1.5614,"[0.0003, 0.0356]","[5.7029, 0.1214]"
2,56,0.0705,1.2955,1.6845,32,3.5246,1.523,"[0.0003, 0.036]","[1.3463, 0.1964]"
2,59,0.0734,2.7852,1.238,29,0.832,1.5394,"[0.0002, 0.0278]","[5.7029, 0.1964]"
2,64,0.1116,13.9303,9.8949,35,14.9304,1.5634,"[0.0002, 0.0357]","[3.5246, 3.5246]"
2,59,0.0852,2.6989,0.2152,26,0.1964,1.4168,"[0.0003, 0.0294]","[9.2275, 0.1214]"
2,52,0.0744,0.2771,1.528,33,5.7029,1.5652,"[0.0002, 0.0288]","[0.1964, 0.1964]"
2,58,0.064,1.7448,0.4074,27,0.3178,1.4602,"[0.0003, 0.0295]","[0.1214, 5.7029]"
2,59,0.0704,5.2249,3.514,32,3.5246,1.5062,"[0.0002, 0.0247]","[2.1783, 0.5142]"
2,69,0.1006,23.1756,2.903,30,1.3463,1.5572,"[0.0002, 0.0194]","[14.9304, 9.2275]"
2,64,0.0596,5.9119,0.7065,28,0.5142,1.4586,"[0.0002, 0.0191]","[14.9304, 0.832]"
2,55,0.0977,1.5353,1.1742,29,0.832,1.4395,"[0.0003, 0.0269]","[1.3463, 0.1214]"
2,65,0.0548,12.9457,9.9414,34,9.2275,1.6211,"[0.0002, 0.0194]","[2.1783, 9.2275]"
2,59,0.1082,2.4559,0.831,28,0.5142,1.5598,"[0.0003, 0.0169]","[0.832, 1.3463]"
2,63,0.0887,7.3217,7.3106,34,9.2275,1.4935,"[0.0001, 0.0432]","[9.2275, 0.832]"
2,59,0.0892,2.9821,2.655,31,2.1783,1.5849,"[0.0003, 0.0335]","[3.5246, 0.3178]"
2,59,0.2042,2.9277,2.1749,31,2.1783,1.475,"[0.0002, 0.0366]","[0.832, 1.3463]"
2,59,0.087,5.8069,5.0637,32,3.5246,1.5316,"[0.0003, 0.0416]","[0.1964, 5.7029]"
2,56,0.1219,3.0801,3.8216,33,5.7029,1.5094,"[0.0003, 0.0256]","[2.1783, 0.1214]"
2,59,0.0877,3.2407,1.0559,29,0.832,1.5152,"[0.0002, 0.0361]","[0.1214, 9.2275]"
2,61,0.1013,6.5277,7.0412,35,14.9304,1.5328,"[0.0003, 0.0354]","[1.3463, 2.1783]"
2,57,0.1039,3.1347,6.2232,35,14.9304,1.7232,"[0.0004, 0.0434]","[0.1964, 2.1783]"
2,67,0.1281,28.66,10.7317,33,5.7029,1.4834,"[0.0003, 0.0317]","[9.2275, 5.7029]"
2,60,0.0945,4.1617,0.9392,28,0.5142,1.4177,"[0.0004, 0.0439]","[1.3463, 1.3463]"
2,61,0.0862,8.0712,5.1319,32,3.5246,1.6609,"[0.0004, 0.0415]","[0.1964, 14.9304]"
2,60,0.0593,4.8247,3.4222,31,2.1783,1.484,"[0.0004, 0.0227]","[3.5246, 0.5142]"
2,60,0.0718,8.0308,5.099,32,3.5246,1.5448,"[0.0003, 0.0225]","[0.1214, 14.9304]"
2,58,0.0763,1.3144,0.3451,26,0.1964,1.55,"[0.0004, 0.0308]","[0.3178, 2.1783]"
2,58,0.1047,8.0929,8.0776,33,5.7029,1.5824,"[0.0004, 0.0389]","[5.7029, 0.1214]"
2,56,0.0756,3.0235,6.1365,35,14.9304,1.4374,"[0.0003, 0.0401]","[0.1214, 2.1783]"
2,61,0.0975,9.2554,8.5176,33,5.7029,1.5618,"[0.0004, 0.0266]","[0.5142, 5.7029]"
2,56,0.072,1.6839,2.2645,33,5.7029,1.4099,"[0.0003, 0.0274]","[0.5142, 0.5142]"
2,56,0.0828,2.9155,2.9519,31,2.1783,1.5364,"[0.0003, 0.0369]","[0.1214, 2.1783]"
2,52,0.0796,0.3578,0.3776,28,0.5142,1.4869,"[0.0003, 0.0238]","[0.1964, 0.1964]"
2,65,0.1526,10.608,0.1904,25,0.1214,1.4521,"[0.0003, 0.0228]","[5.7029, 3.5246]"
2,57,0.0943,1.0633,0.1055,25,0.1214,1.5125,"[0.0004, 0.0489]","[2.1783, 0.1964]"
2,59,0.1071,2.3792,0.2657,25,0.1214,1.5919,"[0.0002, 0.0309]","[0.832, 1.3463]"
2,60,0.0751,5.7844,3.9915,32,3.5246,1.506,"[0.0003, 0.0498]","[2.1783, 0.832]"
2,61,0.0626,3.0402,0.25,26,0.1964,1.4581,"[0.0002, 0.0171]","[0.832, 3.5246]"
2,61,0.095,6.0252,4.3515,33,5.7029,1.5879,"[0.0005, 0.0505]","[2.1783, 1.3463]"
2,54,0.0626,0.6144,0.3587,27,0.3178,1.3729,"[0.0003, 0.0371]","[0.1214, 0.832]"
2,68,0.0747,21.2355,1.4818,29,0.832,1.3816,"[0.0003, 0.0393]","[14.9304, 5.7029]"
2,63,0.1181,6.4208,0.3938,26,0.1964,1.4589,"[0.0004, 0.0219]","[2.1783, 3.5246]"
2,56,0.1152,0.9488,0.2449,27,0.3178,1.3604,"[0.0002, 0.0399]","[2.1783, 0.1214]"
2,55,0.0823,0.6854,0.3779,27,0.3178,1.4854,"[0.0003, 0.04]","[0.1964, 0.832]"
2,64,0.0651,6.2021,0.6684,27,0.3178,1.4163,"[0.0003, 0.0349]","[9.2275, 1.3463]"
2,59,0.109,3.053,1.0422,28,0.5142,1.4812,"[0.0003, 0.0481]","[1.3463, 0.832]"
2,62,0.0974,4.5049,0.6516,27,0.3178,1.426,"[0.0003, 0.0367]","[3.5246, 1.3463]"
2,62,0.1226,3.2015,0.3633,26,0.1964,1.4021,"[0.0002, 0.0465]","[0.832, 5.7029]"
2,62,0.3071,10.0186,9.1947,34,9.2275,1.5963,"[0.0003, 0.053]","[5.7029, 0.832]"
2,59,0.0938,3.7031,1.5503,30,1.3463,1.5397,"[0.0003, 0.0222]","[0.1214, 9.2275]"
2,58,0.0736,1.6452,0.1821,26,0.1964,1.5578,"[0.0005, 0.0381]","[0.1214, 5.7029]"
2,62,0.1076,3.9783,0.2293,26,0.1964,1.5373,"[0.0002, 0.0467]","[1.3463, 3.5246]"
2,66,0.1252,23.1799,16.6328,35,14.9304,1.6384,"[0.0003, 0.039]","[9.2275, 3.5246]"
2,62,0.1321,5.9102,2.6302,30,1.3463,1.574,"[0.0004, 0.036]","[3.5246, 1.3463]"
2,64,0.0672,9.8883,0.8496,28,0.5142,1.5702,"[0.0003, 0.0369]","[3.5246, 3.5246]"
2,61,0.0932,5.7458,3.7196,31,2.1783,1.6886,"[0.0003, 0.0159]","[0.832, 3.5246]"
2,65,0.0698,10.6826,5.5371,32,3.5246,1.5483,"[0.0004, 0.0343]","[1.3463, 14.9304]"
2,62,0.1037,4.2457,0.9268,29,0.832,1.54,"[0.0003, 0.0381]","[1.3463, 3.5246]"
2,56,0.0657,2.4865,2.0078,30,1.3463,1.663,"[0.0003, 0.0336]","[2.1783, 0.1214]"
2,66,0.0959,27.497,23.2806,35,14.9304,1.5804,"[0.0005, 0.0403]","[14.9304, 2.1783]"
2,57,0.0728,2.14,1.9396,32,3.5246,1.6168,"[0.0003, 0.0323]","[0.832, 0.5142]"
2,56,0.1392,2.1298,3.7154,34,9.2275,1.6575,"[0.0002, 0.038]","[1.3463, 0.1964]"
2,58,0.0816,7.1611,8.1459,34,9.2275,1.4574,"[0.0004, 0.031]","[5.7029, 0.1214]"
2,63,0.1193,4.8883,1.1115,28,0.5142,1.476,"[0.0003, 0.0279]","[9.2275, 0.832]"
2,53,0.0588,0.5634,0.5931,28,0.5142,1.3825,"[0.0003, 0.0334]","[0.1214, 0.5142]"
2,56,0.064,2.1036,2.2248,31,2.1783,1.5282,"[0.0003, 0.0336]","[0.1964, 1.3463]"
