Task ID,Task Number,Fibonacci Size,Relative Start Time (s),Task Latency (s),CPU Freq (GHz),FLOPs
1-6,10,29,0.778858,7.811132,1.264580697916667,832039
1-1,10,29,0.000314,8.160123,1.2395819895833333,832039
1-11,10,27,1.737892,5.913821,1.2395872499999998,317810
1-5,10,27,0.51463,1.989747,1.2104170520833333,317810
1-8,10,29,0.973747,7.757697,1.2395794791666668,832039
1-10,10,32,1.580998,9.745434,1.2395689375,3524577
1-9,10,31,1.419236,16.153567,1.26458875,2178308
1-7,10,32,0.94114,18.154454,1.2395846145833336,3524577
1-2,10,35,0.046901,34.112071,1.2802202500000002,14930351
1-4,10,35,0.189217,32.040729,1.3354163020833332,14930351
1-3,10,34,0.128206,33.111999,1.33229121875,9227464
2-1,10,28,0.000351,0.433989,1.3081126666666667,514228
2-4,10,28,0.295613,1.278883,1.2812431666666666,514228
2-7,10,27,0.576479,2.189338,1.2687551562500001,317810
2-3,10,25,0.224355,0.178728,1.3080944375,121392
2-2,10,26,0.046454,0.321036,1.3392685729166667,196417
2-8,10,30,0.665551,3.422273,1.268756875,1346268
2-10,10,28,1.096228,3.39438,1.2833346354166666,514228
2-6,10,30,0.487286,5.11117,1.2687495416666668,1346268
2-9,10,34,0.744132,13.97233,1.2937646770833333,9227464
2-5,10,33,0.434711,13.246522,1.2687520833333332,5702886
2-11,10,32,1.503311,9.424832,1.2687553020833333,3524577
3-6,10,26,0.688684,0.613298,1.3333307083333334,196417
3-11,10,29,2.087197,4.228243,1.2541700625,832039
3-9,10,28,1.673795,3.518764,1.211451125,514228
3-7,10,28,0.765185,4.931236,1.2541503333333333,514228
3-4,10,30,0.236723,8.28529,1.26874984375,1346268
3-3,10,31,0.124996,11.803048,1.2687500729166665,2178308
3-5,10,32,0.358757,13.898963,1.2859253333333334,3524577
3-2,10,35,0.038611,24.909887,1.3229178333333331,14930351
3-10,10,32,1.795254,16.08427,1.26874965625,3524577
3-1,10,34,0.000336,21.295653,1.2687717708333335,9227464
3-8,10,33,1.317568,21.404848,1.2916671250000002,5702886
4-10,10,29,1.827034,0.803802,1.2906261145833333,832039
4-6,10,26,1.065366,0.426089,1.3125066875,196417
4-3,10,28,0.089203,0.732042,1.3510462604166666,514228
4-7,10,26,1.317607,1.831815,1.3198110833333334,196417
4-11,10,30,1.965546,5.555579,1.2916596145833332,1346268
4-2,10,31,0.038247,9.332569,1.2614586979166669,2178308
4-1,10,31,0.00037,9.963266,1.2906245625,2178308
4-9,10,30,1.567867,7.1424,1.3125615833333333,1346268
4-8,10,34,1.449568,18.690281,1.3270840729166666,9227464
4-5,10,33,0.836904,16.084791,1.2645836770833334,5702886
4-4,10,33,0.537822,19.168509,1.3010451354166668,5702886
5-2,10,26,0.039496,0.333267,1.3363734166666665,196417
5-3,10,27,0.176561,0.167218,1.3437503541666664,317810
5-4,10,26,0.372833,0.671309,1.29374865625,196417
5-6,10,28,0.540606,4.370577,1.2937438229166667,514228
5-9,10,27,0.683268,2.233034,1.2937511145833334,317810
5-11,10,30,0.854647,7.373075,1.3197878437500001,1346268
5-1,10,33,0.000327,17.638761,1.2812475416666669,5702886
5-10,10,33,0.806408,19.506442,1.31040825,5702886
5-7,10,34,0.601741,29.696149,1.2812503020833332,9227464
5-5,10,35,0.419272,36.852196,1.3062491145833333,14930351
5-8,10,35,0.642569,35.993678,1.2781247604166666,14930351
6-4,10,25,0.17239,0.105338,1.2427059895833337,121392
6-1,10,29,0.000354,4.183901,1.2427071145833333,832039
6-6,10,26,0.395065,0.707781,1.2427094166666668,196417
6-10,10,32,1.338698,19.977878,1.2718862187500002,3524577
6-5,10,33,0.258683,33.358679,1.2593744479166664,5702886
6-11,10,34,1.85784,36.850761,1.2374868020833334,9227464
6-7,10,33,0.904406,37.342808,1.2302088541666667,5702886
6-9,10,34,1.113375,47.188394,1.2593550416666668,9227464
6-8,10,35,0.989768,55.37331,1.2395959583333334,14930351
6-2,10,35,0.024835,52.366414,1.201041,14930351
6-3,10,35,0.11131,55.738196,1.2260424687500002,14930351
7-7,10,26,0.65381,1.188162,1.2437396666666667,196417
7-3,10,27,0.116438,0.531933,1.229164229166667,317810
7-6,10,27,0.563806,1.146448,1.2593824479166666,317810
7-5,10,25,0.274115,0.442128,1.2687711666666666,121392
7-2,10,28,0.04018,1.786539,1.2302081041666666,514228
7-8,10,27,0.737329,1.735352,1.2302090937499999,317810
7-10,10,26,0.921553,1.601358,1.25937453125,196417
7-1,10,30,0.000226,3.585493,1.23020815625,1346268
7-9,10,34,0.789591,7.846428,1.2843825625,9227464
7-4,10,31,0.17743,6.614799,1.2843746249999999,2178308
7-11,10,31,1.212625,5.270252,1.2351956458333333,2178308
8-4,10,25,0.135214,0.229083,1.2437509375,121392
8-5,10,25,0.38009,0.348178,1.25939446875,121392
8-3,10,27,0.064042,1.456312,1.2812451979166666,317810
8-10,10,25,0.83279,1.02977,1.30104221875,121392
8-6,10,25,0.522651,0.713818,1.2801942604166667,121392
8-1,10,28,0.00033,1.654292,1.2781254166666667,514228
8-11,10,29,0.913986,2.788952,1.2729300000000001,832039
8-9,10,31,0.770106,6.989427,1.2145849583333335,2178308
8-7,10,31,0.563512,6.786021,1.2145845729166664,2178308
8-8,10,34,0.614567,17.316016,1.3041679270833333,9227464
8-2,10,34,0.023229,17.770624,1.2900020208333334,9227464
9-6,10,26,0.307034,1.69845,1.2812516666666667,196417
9-2,10,26,0.041604,0.633579,1.2610210625000002,196417
9-5,10,27,0.231198,0.857144,1.26249628125,317810
9-11,10,26,0.991948,1.057035,1.2564068958333332,196417
9-10,10,27,0.798239,1.721273,1.2802087395833333,317810
9-9,10,26,0.701409,1.051149,1.2916462916666667,196417
9-7,10,25,0.444057,1.407954,1.2874839270833334,121392
9-1,10,34,0.000341,19.195505,1.3229204062499997,9227464
9-3,10,33,0.087459,14.177327,1.3000165104166668,5702886
9-4,10,33,0.14971,17.647622,1.2854161145833334,5702886
9-8,10,33,0.621616,18.026609,1.2833354895833333,5702886
10-4,10,29,0.256984,5.226404,1.2833362708333333,832039
10-11,10,28,1.363618,4.529022,1.2791693333333334,514228
10-6,10,25,0.430025,0.256812,1.31506515625,121392
10-10,10,29,1.251847,5.36005,1.3124999062499998,832039
10-3,10,30,0.140042,6.645056,1.286459322916667,1346268
10-5,10,29,0.348441,5.770847,1.2572917604166667,832039
10-1,10,32,0.000314,13.134309,1.3093571875,3524577
10-2,10,33,0.043455,19.838227,1.236762,5702886
10-7,10,35,0.48574,36.351707,1.2260397604166666,14930351
10-9,10,34,0.81496,29.642154,1.2302091979166667,9227464
10-8,10,35,0.765274,35.435288,1.2552090416666668,14930351
11-7,10,26,0.569227,1.090426,1.2010450104166668,196417
11-10,10,25,1.696299,1.232595,1.2010419375,121392
11-4,10,26,0.197875,1.430418,1.2885408958333333,196417
11-6,10,28,0.482892,2.338032,1.2302067083333335,514228
11-5,10,28,0.381127,3.786376,1.2302110416666667,514228
11-2,10,29,0.051003,4.167044,1.2302101458333334,832039
11-1,10,31,0.000321,9.002242,1.2010431666666666,2178308
11-9,10,30,0.9142,5.140247,1.2080277500000003,1346268
11-8,10,35,0.731985,24.422303,1.2729176875000001,14930351
11-3,10,34,0.137292,22.076812,1.2593845,9227464
11-11,10,34,1.829363,21.588746,1.30835040625,9227464
12-5,10,25,0.165057,0.256402,1.2895903229166668,121392
12-7,10,27,0.426664,1.918277,1.2893846875,317810
12-9,10,25,0.598378,1.023385,1.2604081041666666,121392
12-8,10,27,0.520931,2.220611,1.2583331041666668,317810
12-4,10,28,0.12324,2.489389,1.2593719062500002,514228
12-2,10,29,0.026562,4.467097,1.2593765208333334,832039
12-11,10,31,0.781052,10.00361,1.28854575,2178308
12-10,10,32,0.68476,11.11075,1.2885335104166669,3524577
12-6,10,32,0.202573,11.916646,1.2593969999999999,3524577
12-3,10,31,0.062229,11.458617,1.28854509375,2178308
12-1,10,32,0.000357,12.213335,1.2635434583333334,3524577
13-2,10,28,0.034273,2.053012,1.2593803437499997,514228
13-6,10,31,0.409866,16.688634,1.2447962916666668,2178308
13-5,10,31,0.380142,13.860089,1.244791708333333,2178308
13-8,10,31,0.671517,18.876831,1.2447865833333334,2178308
13-1,10,33,0.000331,28.480161,1.2739696145833335,5702886
13-9,10,33,1.315894,35.001203,1.2448114895833333,5702886
13-11,10,34,2.300249,53.154795,1.3062506354166665,9227464
13-4,10,35,0.222401,53.522105,1.26771040625,14930351
13-10,10,35,1.594706,60.787115,1.2802096979166668,14930351
13-7,10,35,0.610488,56.052343,1.2687534375,14930351
13-3,10,35,0.161347,61.71822,1.2885431875,14930351
14-8,10,26,1.104823,1.996742,1.24374990625,196417
14-7,10,26,1.043753,1.185375,1.2687511979166666,196417
14-4,10,29,0.453156,5.405562,1.2729166770833333,832039
14-1,10,29,0.000336,3.815992,1.2729173333333332,832039
14-10,10,25,1.75532,1.61883,1.243746,121392
14-2,10,31,0.042717,5.680522,1.27290134375,2178308
14-5,10,30,0.692663,6.61095,1.2437505104166666,1346268
14-9,10,34,1.226568,27.56299,1.2989617708333332,9227464
14-6,10,35,0.718921,42.292693,1.3125004062499999,14930351
14-11,10,35,2.135238,40.132893,1.3021318645833333,14930351
14-3,10,35,0.086365,42.811424,1.31250075,14930351
15-7,10,29,1.235214,7.899243,1.2729179687500003,832039
15-5,10,30,0.488917,5.928629,1.3020828749999998,1346268
15-9,10,29,2.067857,7.474849,1.2729173958333333,832039
15-3,10,31,0.361901,9.071891,1.2729163333333333,2178308
15-11,10,27,2.788175,5.177495,1.3020818125,317810
15-1,10,31,0.000312,12.475577,1.2437580104166666,2178308
15-6,10,33,0.722709,20.06338,1.2729214791666665,5702886
15-10,10,32,2.463916,19.308836,1.27291478125,3524577
15-2,10,33,0.031658,22.118541,1.2437496354166666,5702886
15-8,10,33,1.402695,23.570939,1.2979173958333334,5702886
15-4,10,34,0.391991,25.344153,1.3229169583333333,9227464
16-2,10,26,0.034264,0.274297,1.2771061562499997,196417
16-1,10,29,0.000344,1.313904,1.2604199895833335,832039
16-4,10,27,0.378909,1.301885,1.2604167708333334,317810
16-3,10,25,0.135986,0.216457,1.2770856875,121392
16-10,10,25,0.94565,0.61479,1.2604198645833333,121392
16-7,10,28,0.59887,2.750607,1.2458334270833333,514228
16-9,10,30,0.84407,4.52312,1.2593707083333332,1346268
16-11,10,30,1.169538,5.217471,1.2593750312499998,1346268
16-6,10,30,0.574686,5.726741,1.2593768645833334,1346268
16-8,10,35,0.645889,24.644608,1.3270917916666665,14930351
16-5,10,35,0.441476,24.484756,1.3196708958333332,14930351
17-6,10,26,0.533555,0.511807,1.2541655416666666,196417
17-10,10,27,1.203612,3.458353,1.27291721875,317810
17-1,10,29,0.000355,4.825827,1.2437518958333333,832039
17-5,10,28,0.492637,6.495109,1.2145844583333334,514228
17-2,10,32,0.05072,14.653849,1.243748875,3524577
17-4,10,31,0.157535,15.393091,1.2437598854166667,2178308
17-7,10,33,0.772292,22.413127,1.20417346875,5702886
17-3,10,34,0.10666,31.918324,1.2333214583333332,9227464
17-9,10,34,1.102147,35.922452,1.2395835729166667,9227464
17-11,10,35,1.351543,41.964106,1.2760412499999998,14930351
17-8,10,35,0.979883,41.697024,1.2802192604166667,14930351
18-7,10,31,0.684837,5.287822,1.2625013333333335,2178308
18-6,10,28,0.328779,2.467694,1.24894303125,514228
18-9,10,25,1.341886,0.763065,1.2354165833333335,121392
18-3,10,28,0.069615,2.787463,1.25208675,514228
18-2,10,29,0.023753,5.369486,1.2916678333333336,832039
18-11,10,29,1.487749,4.85004,1.2916674479166665,832039
18-1,10,31,0.000338,11.004035,1.26250053125,2178308
18-5,10,32,0.273047,13.612183,1.26250028125,3524577
18-10,10,35,1.363501,26.17797,1.2854171875,14930351
18-8,10,34,0.703901,25.052533,1.2428223437500001,9227464
18-4,10,34,0.191538,25.308848,1.23645840625,9227464
19-4,10,27,0.334438,0.859039,1.26042121875,317810
19-2,10,27,0.040737,0.418891,1.2343779166666669,317810
19-1,10,26,0.000332,0.080534,1.2769023437500002,196417
19-5,10,28,0.390403,2.019044,1.2895823124999999,514228
19-10,10,27,0.706612,2.419352,1.2604157916666665,317810
19-7,10,31,0.490836,10.083069,1.2760394270833333,2178308
19-6,10,32,0.42648,13.237593,1.2760410833333333,3524577
19-3,10,32,0.096462,14.99657,1.2500201979166665,3524577
19-9,10,33,0.619899,19.731558,1.21788440625,5702886
19-11,10,35,0.78253,32.50725,1.2885424479166665,14930351
19-8,10,35,0.567546,32.747567,1.2885414583333334,14930351
20-9,10,28,0.706819,1.468668,1.2593747604166667,514228
20-6,10,25,0.412181,0.772344,1.2593786145833334,121392
20-8,10,29,0.554592,4.729227,1.2885423541666667,832039
20-7,10,28,0.434538,3.844209,1.2885414375000002,514228
20-1,10,28,0.000309,1.828219,1.2885415104166666,514228
20-11,10,29,1.189901,4.595426,1.2593918645833335,832039
20-2,10,31,0.035832,8.108298,1.2302129166666667,2178308
20-4,10,30,0.208763,7.144368,1.2593730625000001,1346268
20-3,10,32,0.132357,12.151368,1.2302079270833333,3524577
20-10,10,34,0.742675,19.883804,1.2854148541666666,9227464
20-5,10,34,0.239497,20.357884,1.2604084062499998,9227464
21-6,10,27,0.492543,1.074686,1.25937903125,317810
21-1,10,27,0.000329,0.400464,1.230233864583333,317810
21-4,10,29,0.168323,3.325145,1.25520259375,832039
21-9,10,25,0.961429,1.461634,1.2010468854166667,121392
21-7,10,26,0.554981,1.058473,1.23020553125,196417
21-8,10,26,0.63631,1.775726,1.201042,196417
21-5,10,28,0.219346,2.524386,1.2012346666666665,514228
21-2,10,29,0.030879,3.820806,1.2637961354166667,832039
21-11,10,35,1.139183,19.986552,1.28437684375,14930351
21-3,10,33,0.11734,15.672952,1.2302125833333333,5702886
21-10,10,34,1.057336,18.565491,1.260405375,9227464
22-8,10,25,0.635344,0.268982,1.20104253125,121392
22-3,10,25,0.098982,0.351372,1.27262765625,121392
22-9,10,25,0.909561,0.503627,1.2583386458333332,121392
22-6,10,27,0.424324,1.496229,1.2010474999999998,317810
22-1,10,29,0.000339,2.828206,1.2593628125000003,832039
22-7,10,28,0.570399,2.544003,1.2302094791666667,514228
22-11,10,34,1.181214,25.499438,1.2552089583333335,9227464
22-4,10,33,0.175251,21.03849,1.2302090416666667,5702886
22-5,10,33,0.307606,21.480676,1.2604203541666668,5702886
22-10,10,33,1.033933,21.351574,1.242203,5702886
22-2,10,34,0.046711,26.341596,1.2369092187500004,9227464
23-1,10,26,0.000307,0.102453,1.2437500104166666,196417
23-5,10,29,0.199658,5.150378,1.2281184166666668,832039
23-8,10,29,0.605919,6.398036,1.2572938229166666,832039
23-4,10,29,0.131774,7.035867,1.2145872395833333,832039
23-3,10,32,0.085049,16.479486,1.2729150520833332,3524577
23-2,10,31,0.029076,14.44957,1.2729250937499998,2178308
23-10,10,31,1.774854,15.123746,1.2729166250000001,2178308
23-7,10,32,0.518482,19.352483,1.2729376979166667,3524577
23-11,10,34,1.90099,28.011472,1.2822972708333333,9227464
23-9,10,35,0.911629,36.642843,1.2916671562499997,14930351
23-6,10,35,0.487784,36.577498,1.3197974270833333,14930351
24-2,10,25,0.042386,0.059943,1.2812501562499998,121392
24-9,10,28,1.04946,1.319222,1.2593730833333334,514228
24-1,10,28,0.000346,1.237627,1.2729162812500001,514228
24-7,10,27,0.821182,2.093542,1.2302075208333334,317810
24-3,10,30,0.112796,5.970561,1.2686370104166667,1346268
24-5,10,31,0.315043,9.232343,1.2319768020833333,2178308
24-6,10,34,0.765088,20.203845,1.2843745208333333,9227464
24-8,10,32,0.95814,13.568681,1.2302164791666668,3524577
24-4,10,33,0.25891,17.969318,1.2604146666666667,5702886
24-11,10,31,1.243383,10.664329,1.23021196875,2178308
24-10,10,33,1.130828,19.048247,1.26770878125,5702886
25-8,10,26,0.887993,0.499834,1.3200013229166667,196417
25-11,10,26,1.3932,0.536328,1.2541686458333337,196417
25-2,10,25,0.032999,0.175009,1.4645815208333333,121392
25-4,10,26,0.114068,0.449946,1.3145234166666666,196417
25-6,10,27,0.574542,1.312385,1.28333375,317810
25-5,10,30,0.390685,6.669425,1.2864580416666664,1346268
25-10,10,32,1.316083,13.534189,1.2857695520833334,3524577
25-7,10,33,0.722887,21.217499,1.2791789583333335,5702886
25-1,10,34,0.000311,27.910894,1.2802102395833332,9227464
25-9,10,35,0.997178,35.102781,1.3447955729166667,14930351
25-3,10,35,0.068241,35.724305,1.3291671562499998,14930351
26-1,10,28,0.000303,0.455848,1.2770833229166667,514228
26-10,10,25,1.18544,0.46001,1.2448013958333333,121392
26-4,10,26,0.273567,0.813847,1.27708196875,196417
26-8,10,27,0.670634,1.624457,1.2448373854166666,317810
26-2,10,28,0.044817,1.503212,1.2447878645833335,514228
26-6,10,29,0.522821,4.019347,1.2739606875,832039
26-5,10,30,0.416127,6.901311,1.3031251458333333,1346268
26-11,10,34,1.290567,13.757076,1.3281311666666669,9227464
26-3,10,31,0.151508,8.169925,1.30312096875,2178308
26-7,10,31,0.634635,8.319461,1.2875011354166668,2178308
26-9,10,33,0.731766,13.421422,1.3281236458333332,5702886
27-7,10,30,0.867299,5.572113,1.2739753645833334,1346268
27-9,10,25,1.146695,0.562965,1.3031183854166666,121392
27-8,10,27,1.100978,3.104432,1.27500809375,317810
27-4,10,26,0.272668,0.67,1.3056149479166665,196417
27-11,10,27,1.730258,3.63354,1.3041612395833333,317810
27-10,10,29,1.49817,3.774141,1.3083402604166667,832039
27-1,10,31,0.00036,7.310443,1.3031230729166667,2178308
27-6,10,32,0.618251,13.402844,1.3364666458333334,3524577
27-3,10,33,0.186092,19.125593,1.2874997187500001,5702886
27-2,10,35,0.04394,25.540632,1.2989588854166665,14930351
27-5,10,34,0.420132,24.103902,1.2966408020833333,9227464
28-1,10,27,0.000279,0.416932,1.2739429583333333,317810
28-10,10,25,1.201476,0.3775,1.2447945520833334,121392
28-8,10,25,0.952311,1.020536,1.2739539375,121392
28-11,10,27,1.772431,1.58758,1.2739623750000002,317810
28-5,10,29,0.300932,3.500957,1.2489611562500003,832039
28-7,10,28,0.651752,2.136478,1.2448066770833333,514228
28-9,10,26,0.974645,1.41419,1.2447923229166669,196417
28-6,10,33,0.443158,6.916159,1.2697936875000002,5702886
28-3,10,31,0.072137,6.20745,1.2770997083333333,2178308
28-4,10,30,0.204282,5.675359,1.2447903645833334,1346268
28-2,10,30,0.047599,5.723209,1.2447937395833335,1346268
29-1,10,27,0.000276,0.187982,1.3020837604166666,317810
29-2,10,26,0.030868,0.281417,1.3345339270833336,196417
29-10,10,26,1.039216,1.622863,1.3010409583333333,196417
29-8,10,28,0.576095,4.746287,1.366001458333333,514228
29-6,10,29,0.396275,3.60623,1.3032603333333335,832039
29-5,10,31,0.328386,8.849872,1.2624976145833333,2178308
29-9,10,34,0.774587,20.433338,1.3000018020833333,9227464
29-3,10,32,0.137557,13.430005,1.3541641875000001,3524577
29-11,10,32,1.161988,14.857708,1.34791784375,3524577
29-4,10,33,0.193563,19.319783,1.3041634999999998,5702886
29-7,10,33,0.464149,19.753696,1.2927164583333335,5702886
30-10,10,29,1.013365,2.075053,1.2802148541666667,832039
30-5,10,25,0.178161,0.321131,1.29479040625,121392
30-3,10,27,0.066672,0.875174,1.3197919062499999,317810
30-2,10,26,0.050021,0.696268,1.300186135416667,196417
30-7,10,25,0.39639,0.728774,1.2749911875,121392
30-8,10,26,0.77226,0.900407,1.3041672395833332,196417
30-6,10,25,0.305654,0.67622,1.2749953645833332,121392
30-9,10,27,0.889035,1.238358,1.30753915625,317810
30-11,10,29,1.140856,2.590379,1.2510408958333334,832039
30-4,10,35,0.117536,12.58189,1.3302101770833334,14930351
30-1,10,33,0.000338,10.381484,1.2812519583333333,5702886
31-4,10,29,0.168524,4.58308,1.2801976041666667,832039
31-1,10,28,0.000226,1.921646,1.3093760104166665,514228
31-9,10,25,1.272379,0.493676,1.3093811145833334,121392
31-6,10,30,0.410452,6.11149,1.3138290208333334,1346268
31-2,10,29,0.031224,5.988367,1.3052199375,832039
31-5,10,28,0.278553,5.554484,1.2802106354166667,514228
31-11,10,31,1.999501,6.781694,1.2802091249999998,2178308
31-8,10,30,1.079721,8.039842,1.3479275937500002,1346268
31-3,10,32,0.077068,12.437102,1.2802088854166667,3524577
31-10,10,34,1.802674,18.903431,1.2755176354166666,9227464
31-7,10,35,0.69446,21.685613,1.2781249583333334,14930351
32-9,10,25,1.096275,0.694981,1.2781345937499997,121392
32-8,10,25,0.867906,0.539198,1.2531238333333332,121392
32-11,10,26,1.723693,0.992458,1.28229634375,196417
32-3,10,28,0.085328,2.727635,1.3114575833333333,514228
32-7,10,28,0.695423,3.78373,1.2822946041666667,514228
32-6,10,28,0.548327,3.34156,1.2531253749999998,514228
32-5,10,30,0.502347,5.492476,1.2531414479166667,1346268
32-10,10,29,1.304009,3.633332,1.2531254687500002,832039
32-2,10,32,0.039455,10.319303,1.2882629062499997,3524577
32-1,10,32,0.000384,10.2296,1.2885466979166669,3524577
32-4,10,32,0.161583,10.295679,1.2864362604166666,3524577
33-1,10,29,0.000319,2.350584,1.2729165833333334,832039
33-9,10,26,1.709055,1.145065,1.3020877708333334,196417
33-6,10,25,0.874058,0.418584,1.272916125,121392
33-4,10,28,0.309556,2.635634,1.2729273541666666,514228
33-10,10,32,1.876386,17.188171,1.3083331458333334,3524577
33-8,10,32,1.550146,19.897005,1.3083330208333335,3524577
33-3,10,32,0.202742,22.560433,1.3083337291666666,3524577
33-7,10,34,1.234889,26.41312,1.3083382812500002,9227464
33-5,10,34,0.696003,34.899864,1.2885427708333335,9227464
33-11,10,35,2.069246,41.531076,1.2937520104166667,14930351
33-2,10,35,0.029938,43.487841,1.2645852083333333,14930351
34-2,10,25,0.036837,0.039096,1.2587821354166668,121392
34-1,10,25,0.000335,0.036197,1.2773365729166664,121392
34-6,10,25,0.190148,0.517375,1.2302080208333332,121392
34-8,10,25,0.447009,0.434506,1.2593757708333333,121392
34-3,10,27,0.076043,0.6178,1.23020684375,317810
34-5,10,25,0.158841,0.56378,1.2301876562499998,121392
34-9,10,27,0.733137,1.11354,1.25937475,317810
34-7,10,31,0.247372,5.561654,1.2604208541666666,2178308
34-4,10,30,0.091562,3.356468,1.2854180937499997,1346268
34-11,10,35,0.833567,12.59181,1.337504208333333,14930351
34-10,10,33,0.785905,10.105113,1.3145980208333332,5702886
35-2,10,28,0.048816,2.224554,1.2010417708333332,514228
35-4,10,25,0.144518,0.35651,1.20104190625,121392
35-5,10,28,0.230941,1.013725,1.2302113541666666,514228
35-7,10,25,1.051898,1.029679,1.20104221875,121392
35-6,10,29,0.506475,5.233593,1.23333378125,832039
35-11,10,28,1.657272,2.595472,1.25937090625,514228
35-1,10,30,0.000326,6.156346,1.23021590625,1346268
35-3,10,31,0.088576,7.279788,1.25937446875,2178308
35-9,10,35,1.410594,15.679791,1.31354359375,14930351
35-10,10,32,1.468213,11.65946,1.2885429895833334,3524577
35-8,10,33,1.255189,13.341039,1.3103755104166663,5702886
36-1,10,25,0.000404,0.037063,1.3972450833333332,121392
36-2,10,25,0.040084,0.037218,1.3729094374999995,121392
36-10,10,25,1.19864,0.384382,1.2604133854166668,121392
36-4,10,28,0.142436,0.841764,1.2302089479166667,514228
36-6,10,27,0.649587,0.942373,1.2604190104166666,317810
36-3,10,28,0.097459,0.64347,1.26041915625,514228
36-5,10,28,0.188291,1.934417,1.230207604166667,514228
36-7,10,33,0.955843,5.972334,1.2843648229166664,5702886
36-11,10,28,1.496358,1.561949,1.2593743645833335,514228
36-8,10,30,1.045923,3.801284,1.3020851145833332,1346268
36-9,10,31,1.137462,4.875404,1.2593730208333334,2178308
37-5,10,31,0.264241,5.376407,1.2593763437499998,2178308
37-6,10,26,0.335506,0.3991,1.2593668125,196417
37-11,10,25,1.576909,1.105736,1.2885427291666665,121392
37-1,10,28,0.000298,4.639053,1.2885414791666665,514228
37-4,10,31,0.157402,7.722976,1.2885408541666667,2178308
37-3,10,30,0.106532,10.356199,1.2885382187499999,1346268
37-10,10,31,1.276556,13.229297,1.2885408854166667,2178308
37-9,10,34,0.892706,21.190632,1.2791698020833333,9227464
37-8,10,32,0.739954,16.115396,1.2593732083333333,3524577
37-2,10,33,0.040405,20.493468,1.2885414270833333,5702886
37-7,10,33,0.604738,20.562459,1.306254875,5702886
38-3,10,29,0.081789,3.616414,1.23021025,832039
38-1,10,26,0.000315,0.065843,1.2621205625,196417
38-5,10,26,0.300967,0.737623,1.21878071875,196417
38-9,10,26,0.489135,1.096854,1.2010429999999999,196417
38-7,10,26,0.422924,0.50917,1.2010420520833334,196417
38-6,10,27,0.372058,1.726534,1.2302097916666666,317810
38-2,10,29,0.047103,2.591036,1.2400745208333332,832039
38-11,10,30,1.010146,5.865194,1.2604202187500002,1346268
38-8,10,31,0.45147,7.684137,1.2885436770833332,2178308
38-10,10,35,0.802798,14.117746,1.3229168020833335,14930351
38-4,10,33,0.204223,12.322,1.2828472083333333,5702886
39-2,10,28,0.041425,0.784953,1.2810253854166664,514228
39-9,10,26,1.369907,1.480232,1.2303222395833333,196417
39-8,10,26,1.228874,1.704374,1.2593720312499999,196417
39-1,10,30,0.000361,3.945325,1.2885423854166669,1346268
39-7,10,34,0.954785,13.317091,1.3135427291666668,9227464
39-3,10,31,0.163136,8.269779,1.2885415416666666,2178308
39-4,10,30,0.402212,8.01821,1.2885398541666666,1346268
39-6,10,31,0.878212,10.670032,1.2885443437500002,2178308
39-10,10,31,2.235672,8.940761,1.2885423229166666,2178308
39-5,10,31,0.831613,11.039428,1.2885421875,2178308
39-11,10,31,2.719944,10.062248,1.2843756458333335,2178308
40-5,10,27,0.141425,0.78056,1.3097314791666665,317810
40-2,10,26,0.03633,0.073718,1.3906228125000004,196417
40-11,10,25,0.927396,0.760291,1.3322901875,121392
40-6,10,27,0.249308,1.913591,1.303125385416667,317810
40-1,10,25,0.000309,0.03576,1.36048278125,121392
40-9,10,28,0.53296,2.202499,1.3322897708333332,514228
40-7,10,27,0.337511,2.096102,1.3031115937500002,317810
40-8,10,28,0.378402,2.741621,1.30313678125,514228
40-3,10,32,0.072422,7.820213,1.2593747604166667,3524577
40-10,10,34,0.731315,16.080776,1.3208350312500001,9227464
40-4,10,34,0.115368,16.204436,1.3294813020833334,9227464
41-3,10,27,0.08104,1.387608,1.3250002812500001,317810
41-5,10,28,0.274741,3.917247,1.3250018541666666,514228
41-1,10,30,0.000335,4.917867,1.3250000625,1346268
41-8,10,29,0.649491,4.52032,1.295831947916667,832039
41-2,10,29,0.030056,6.126337,1.295863,832039
41-4,10,29,0.142417,5.612952,1.2958401874999999,832039
41-9,10,29,0.852611,5.72097,1.3250022708333333,832039
41-7,10,30,0.537603,6.89808,1.3208289166666667,1346268
41-10,10,33,0.90379,15.046034,1.3114666770833332,5702886
41-6,10,35,0.383109,23.383987,1.337503125,14930351
41-11,10,34,1.091458,21.231489,1.2604151770833334,9227464
42-9,10,30,1.323347,4.993365,1.2979191666666665,1346268
42-5,10,25,0.331235,0.244825,1.2822943645833333,121392
42-10,10,27,1.60832,3.059209,1.2396017187500001,317810
42-6,10,30,0.448029,4.797378,1.2937521458333336,1346268
42-8,10,28,0.781427,4.873734,1.3114510625000002,514228
42-4,10,31,0.224275,10.978529,1.2687526145833332,2178308
42-1,10,33,0.000321,22.721676,1.2760478541666669,5702886
42-2,10,33,0.036185,23.773653,1.26203915625,5702886
42-3,10,35,0.092192,34.212535,1.3666678958333334,14930351
42-7,10,34,0.602311,30.277306,1.3385536145833332,9227464
42-11,10,34,1.720339,31.648483,1.3656172395833335,9227464
43-1,10,25,0.000318,0.066804,1.2640449583333333,121392
43-7,10,25,0.675359,0.260223,1.2718726354166667,121392
43-8,10,26,0.8434,0.531629,1.27187721875,196417
43-5,10,27,0.41525,1.82042,1.242710604166667,317810
43-4,10,28,0.181084,2.885282,1.2718764895833334,514228
43-6,10,27,0.658336,1.130499,1.271880291666667,317810
43-11,10,27,1.385656,1.607182,1.27187409375,317810
43-10,10,28,1.243381,2.131645,1.2427101875000002,514228
43-2,10,31,0.023185,6.064091,1.259375135416667,2178308
43-9,10,34,0.976508,15.426581,1.3270827708333335,9227464
43-3,10,34,0.082763,16.091888,1.3187471979166665,9227464
44-3,10,28,0.111718,1.238665,1.2593709999999998,514228
44-4,10,25,0.401065,0.772893,1.255209479166667,121392
44-5,10,26,0.4876,1.174011,1.2593786875,196417
44-11,10,26,1.386945,1.410634,1.2593699895833332,196417
44-7,10,30,0.846286,5.55554,1.2729208958333333,1346268
44-6,10,28,0.75516,3.368533,1.2593792291666666,514228
44-10,10,27,1.215797,1.510464,1.2593756562499998,317810
44-9,10,30,1.029111,5.599111,1.2729199375,1346268
44-8,10,34,0.935249,17.634608,1.2687500104166665,9227464
44-2,10,32,0.045656,10.809233,1.2437500520833333,3524577
44-1,10,34,0.000304,18.269145,1.2531318541666667,9227464
45-2,10,25,0.036742,0.037092,1.34566540625,121392
45-1,10,25,0.000361,0.03628,1.3769076666666666,121392
45-8,10,28,0.531823,1.782047,1.2729174791666666,514228
45-3,10,27,0.077763,0.310794,1.2885430208333335,317810
45-10,10,27,0.755873,2.03836,1.30207890625,317810
45-5,10,31,0.185198,8.311347,1.2729131979166668,2178308
45-9,10,33,0.69976,22.804506,1.3135358854166665,5702886
45-4,10,33,0.123972,23.808528,1.3135402083333332,5702886
45-7,10,34,0.409228,31.134251,1.2906251458333333,9227464
45-6,10,35,0.276929,37.597208,1.3156326041666666,14930351
45-11,10,35,1.239208,36.088097,1.32708215625,14930351
46-5,10,32,0.462541,7.430657,1.2864609583333333,3524577
46-1,10,29,0.000343,1.038178,1.2873098020833333,832039
46-10,10,29,1.588642,4.693442,1.257295,832039
46-7,10,27,1.054313,1.500277,1.2864553958333333,317810
46-3,10,29,0.137253,4.118554,1.2864577395833332,832039
46-11,10,30,1.735174,9.314504,1.2864727812499999,1346268
46-2,10,35,0.050899,24.455031,1.3270842604166666,14930351
46-6,10,32,0.924955,15.526238,1.2864557916666668,3524577
46-4,10,32,0.243961,16.468277,1.2864580312500002,3524577
46-8,10,33,1.37718,19.768798,1.3010451875000002,5702886
46-9,10,33,1.544488,21.124726,1.3260593645833334,5702886
47-1,10,26,0.000323,0.084403,1.3760086145833332,196417
47-10,10,25,0.77655,0.464028,1.3125320833333334,121392
47-6,10,26,0.421234,0.70051,1.3125011875000003,196417
47-7,10,28,0.582283,2.539555,1.2875019999999997,514228
47-5,10,25,0.239953,0.311154,1.3062486666666668,121392
47-4,10,29,0.193505,3.527708,1.2875008333333335,832039
47-11,10,29,1.046241,3.952583,1.3010359375,832039
47-2,10,32,0.034135,10.528397,1.2875055208333333,3524577
47-3,10,31,0.136632,8.096585,1.2875095833333332,2178308
47-8,10,35,0.648663,16.539606,1.3375021145833332,14930351
47-9,10,33,0.73525,14.437094,1.3339298854166668,5702886
48-2,10,25,0.030138,0.087807,1.3036172812500002,121392
48-3,10,25,0.091188,0.110137,1.3125075104166666,121392
48-1,10,28,0.000366,1.650759,1.28750028125,514228
48-4,10,27,0.169582,2.411072,1.28749596875,317810
48-9,10,27,0.571175,1.921487,1.3166668958333334,317810
48-10,10,25,0.826065,1.124324,1.2875071354166667,121392
48-11,10,29,0.927728,3.613074,1.2875041562500003,832039
48-7,10,30,0.42179,5.773546,1.2874997187500001,1346268
48-5,10,32,0.222255,9.727942,1.3010442812499998,3524577
48-6,10,35,0.33442,25.747643,1.2979176666666665,14930351
48-8,10,35,0.489769,25.163327,1.2590011041666667,14930351
49-10,10,25,0.723643,1.252027,1.286458291666667,121392
49-4,10,25,0.153717,0.2819,1.3187529895833336,121392
49-8,10,26,0.474029,1.358992,1.2864589270833333,196417
49-9,10,25,0.504968,0.641578,1.3000000937499998,121392
49-1,10,31,0.000377,8.743537,1.2864591874999998,2178308
49-11,10,31,1.156929,11.699282,1.28645790625,2178308
49-6,10,32,0.235264,17.63978,1.315600770833333,3524577
49-5,10,34,0.204596,35.761173,1.2441789895833333,9227464
49-2,10,35,0.02265,41.500787,1.2012738854166667,14930351
49-7,10,35,0.435738,44.738827,1.2437515104166668,14930351
49-3,10,35,0.067321,45.093819,1.2437493541666667,14930351
50-5,10,27,0.154386,0.768783,1.2349323854166667,317810
50-11,10,27,1.136025,0.85099,1.26874921875,317810
50-1,10,25,0.000333,0.066191,1.2876212187500002,121392
50-2,10,25,0.021511,0.094979,1.2333323541666665,121392
50-4,10,29,0.097506,4.199269,1.2437522395833334,832039
50-6,10,30,0.20631,6.206111,1.2823214583333336,1346268
50-7,10,32,0.294397,13.301004,1.2437524479166666,3524577
50-9,10,34,0.548527,19.606793,1.2687525312499999,9227464
50-8,10,32,0.49294,15.214369,1.2729179791666665,3524577
50-3,10,33,0.071684,17.588759,1.2447930625,5702886
50-10,10,33,0.960069,18.075949,1.2542924791666668,5702886
51-8,10,25,0.725511,0.51009,1.30707225,121392
51-1,10,26,0.000277,0.101169,1.4854359479166663,196417
51-9,10,28,0.808971,4.145565,1.29374875,514228
51-4,10,30,0.132265,4.358247,1.2705166354166668,1346268
51-6,10,26,0.323998,1.25966,1.2729215520833335,196417
51-10,10,29,0.966653,3.936644,1.2696439270833333,832039
51-3,10,27,0.091484,1.001685,1.28645878125,317810
51-11,10,31,1.235721,10.984695,1.2593878958333333,2178308
51-5,10,35,0.219088,26.003771,1.25519865625,14930351
51-2,10,34,0.02541,21.547898,1.2840850625,9227464
51-7,10,34,0.416015,24.834889,1.2593792083333333,9227464
